Symbol,Sector
AACG,Miscellaneous
AACIU,
AADI,Health Care
AAL,Transportation
AAME,Finance
AAOI,Technology
AAON,Capital Goods
AAPL,Technology
AATC,Capital Goods
AAWW,Transportation
ABCB,Finance
ABCL,
ABCM,Health Care
ABEO,Health Care
ABGI,Finance
ABIO,Health Care
ABMD,Health Care
ABNB,Capital Goods
ABOS,Health Care
ABSI,Health Care
ABST,
ABTX,Finance
ABUS,
ABVC,Health Care
ACAD,Health Care
ACAH,
ACAHU,
ACAHW,
ACB,
ACBA,Miscellaneous
ACBAW,Miscellaneous
ACBI,Finance
ACCD,
ACER,Health Care
ACET,Health Care
ACEV,Technology
ACEVU,Technology
ACEVW,Technology
ACGL,Finance
ACGLN,Finance
ACGLO,Finance
ACHC,Health Care
ACHL,Health Care
ACHV,Health Care
ACIU,Health Care
ACIW,Technology
ACKIT,
ACKIU,
ACKIW,
ACLS,Technology
ACMR,Technology
ACNB,Finance
ACOR,Health Care
ACQR,Finance
ACQRU,Finance
ACQRW,Finance
ACRS,Health Care
ACRX,Consumer Durables
ACST,
ACT,Finance
ACTD,
ACTDU,
ACTDW,Finance
ACTG,Miscellaneous
ACVA,Technology
ACXP,Health Care
ADAG,Health Care
ADALU,
ADAP,Health Care
ADBE,Technology
ADER,
ADERU,
ADERW,
ADES,Basic Industries
ADGI,Health Care
ADI,Technology
ADIL,Health Care
ADILW,Health Care
ADMA,Health Care
ADMP,Health Care
ADMS,Health Care
ADN,
ADNWW,
ADOC,Finance
ADOCR,Finance
ADOCW,Finance
ADP,Miscellaneous
ADPT,Health Care
ADSK,Technology
ADTN,Capital Goods
ADTX,Consumer Durables
ADUS,Health Care
ADV,Technology
ADVM,Health Care
ADVWW,Technology
ADXN,Health Care
ADXS,Health Care
AEAC,Finance
AEACU,Finance
AEACW,Finance
AEHAU,
AEHL,Capital Goods
AEHR,Capital Goods
AEI,Consumer Services
AEIS,Consumer Durables
AEMD,Miscellaneous
AEP,Public Utilities
AEPPL,Public Utilities
AEPPZ,Public Utilities
AERI,Health Care
AESE,Consumer Services
AEY,Capital Goods
AEYE,Technology
AEZS,
AFAQ,
AFAQU,
AFAQW,
AFBI,Finance
AFCG,Consumer Services
AFIB,Health Care
AFIN,Consumer Services
AFINO,Consumer Services
AFINP,Consumer Services
AFMD,Health Care
AFRM,Technology
AFYA,Consumer Services
AGBA,Finance
AGBAR,Finance
AGBAW,Finance
AGC,
AGCUU,
AGCWW,Finance
AGEN,Health Care
AGFS,
AGFY,Consumer Services
AGGR,Finance
AGGRU,Finance
AGGRW,Finance
AGIL,Technology
AGILW,Technology
AGIO,Health Care
AGLE,Health Care
AGMH,Technology
AGNC,Consumer Services
AGNCM,Consumer Services
AGNCN,Consumer Services
AGNCO,Consumer Services
AGNCP,Consumer Services
AGRI,
AGRIW,
AGRX,Health Care
AGTC,Health Care
AGYS,Technology
AHCO,Health Care
AHPA,
AHPAU,
AHPI,Health Care
AIH,Health Care
AIHS,Finance
AIKI,Consumer Durables
AIMC,Capital Goods
AINV,Finance
AIP,Technology
AIRG,Technology
AIRT,Transportation
AIRTP,Transportation
AKAM,Miscellaneous
AKBA,Health Care
AKICU,Finance
AKICW,Finance
AKRO,Health Care
AKTS,Public Utilities
AKTX,Health Care
AKU,
AKUS,Consumer Durables
AKYA,Capital Goods
ALAC,Finance
ALACR,Finance
ALACU,Finance
ALACW,Finance
ALBO,Health Care
ALCO,
ALDX,Health Care
ALEC,Health Care
ALF,Technology
ALFIW,Technology
ALGM,Technology
ALGN,Health Care
ALGS,Health Care
ALGT,Transportation
ALHC,Health Care
ALIM,Health Care
ALJJ,Miscellaneous
ALKS,Health Care
ALKT,Technology
ALLK,Health Care
ALLO,Health Care
ALLT,Public Utilities
ALNA,Health Care
ALNY,Health Care
ALOT,Technology
ALPA,
ALPAU,
ALPAW,
ALPN,Health Care
ALPP,Capital Goods
ALRM,Technology
ALRN,Health Care
ALRS,Finance
ALT,Health Care
ALTM,Energy
ALTO,Basic Industries
ALTR,Technology
ALTU,
ALTUU,
ALTUW,
ALVR,Health Care
ALXO,Health Care
ALYA,
ALZN,Consumer Durables
AMAL,Finance
AMAO,
AMAOU,
AMAOW,Finance
AMAT,Capital Goods
AMBA,Technology
AMCI,
AMCIU,
AMCIW,
AMCX,Consumer Services
AMD,Technology
AMED,Health Care
AMEH,Health Care
AMGN,Health Care
AMKR,Technology
AMNB,Finance
AMOT,Capital Goods
AMPG,Capital Goods
AMPGW,Capital Goods
AMPH,Health Care
AMPL,Technology
AMRK,Finance
AMRN,Health Care
AMRS,Basic Industries
AMSC,Capital Goods
AMSF,Finance
AMST,Technology
AMSWA,Technology
AMTB,Finance
AMTBB,Finance
AMTI,Consumer Durables
AMTX,Energy
AMWD,Consumer Durables
AMYT,Health Care
AMZN,Consumer Services
ANAB,Health Care
ANAT,Finance
ANDE,Consumer Non-Durables
ANEB,Health Care
ANGI,Technology
ANGN,Health Care
ANGO,Health Care
ANIK,Health Care
ANIP,Health Care
ANIX,Health Care
ANNX,Health Care
ANPC,Health Care
ANSS,Technology
ANTE,Technology
ANY,
ANZU,
ANZUU,
ANZUW,
AOSL,Technology
AOUT,
APA,Energy
APAC,
APACU,
APACW,
APDN,Health Care
APEI,Miscellaneous
APEN,Health Care
API,Technology
APLS,Health Care
APLT,Health Care
APM,Health Care
APMI,
APMIU,
APMIW,
APOG,
APOP,Health Care
APP,Technology
APPF,Technology
APPH,
APPHW,
APPN,Technology
APPS,Technology
APR,Health Care
APRE,Health Care
APTM,
APTMU,
APTMW,
APTO,
APTX,Health Care
APVO,Health Care
APWC,Basic Industries
APYX,Health Care
AQB,
AQMS,Public Utilities
AQST,Health Care
ARAV,Health Care
ARAY,Health Care
ARBE,
ARBEW,
ARBG,
ARBGU,
ARBGW,
ARBK,
ARCB,Transportation
ARCC,Finance
ARCE,Miscellaneous
ARCT,Health Care
ARDS,Health Care
ARDX,Health Care
AREC,
ARGUU,
ARGX,Health Care
ARKO,Consumer Services
ARKOW,Consumer Non-Durables
ARKR,Consumer Services
ARLP,Energy
ARNA,Health Care
AROW,Finance
ARQQ,
ARQQW,
ARQT,Health Care
ARRW,
ARRWU,
ARRWW,
ARRY,Technology
ARTA,Finance
ARTAU,
ARTAW,Finance
ARTEU,
ARTL,Health Care
ARTLW,Health Care
ARTNA,Public Utilities
ARTW,Capital Goods
ARVL,Capital Goods
ARVN,Health Care
ARWR,Health Care
ARYD,Finance
ARYE,
ASAX,
ASAXU,
ASAXW,
ASLE,Transportation
ASLEW,Transportation
ASLN,Health Care
ASMB,Health Care
ASML,Technology
ASND,Health Care
ASO,Consumer Non-Durables
ASPA,
ASPAW,
ASPC,Finance
ASPCU,Finance
ASPCW,Finance
ASPS,Finance
ASPU,Miscellaneous
ASRT,Health Care
ASRV,Finance
ASTC,Capital Goods
ASTE,Capital Goods
ASTL,
ASTLW,
ASTR,
ASTRW,
ASTS,Consumer Services
ASTSW,Consumer Services
ASUR,Technology
ASYS,Technology
ATAI,
ATAX,Finance
ATCOL,
ATCX,Consumer Services
ATEC,Health Care
ATER,Capital Goods
ATEX,Consumer Services
ATHA,Consumer Durables
ATHE,Health Care
ATHX,Health Care
ATIF,Consumer Services
ATLC,Finance
ATLCP,Finance
ATLO,Finance
ATNF,Health Care
ATNFW,Health Care
ATNI,Public Utilities
ATNX,Health Care
ATOM,Technology
ATOS,Health Care
ATRA,Health Care
ATRC,Health Care
ATRI,Health Care
ATRO,Capital Goods
ATRS,Health Care
ATSG,
ATSPT,
ATSPU,
ATSPW,
ATVC,
ATVCU,
ATVCW,
ATVI,Technology
ATXI,Consumer Durables
ATXS,Health Care
ATY,
AUB,Finance
AUBAP,Finance
AUBN,Finance
AUDC,Public Utilities
AUGX,Miscellaneous
AUID,Technology
AUPH,
AURC,Finance
AURCU,Finance
AURCW,Finance
AUTL,Health Care
AUTO,Miscellaneous
AUUD,Technology
AUUDW,Technology
AUVI,
AUVIP,
AVACU,Finance
AVAH,Health Care
AVAV,Capital Goods
AVCO,Health Care
AVCT,Technology
AVCTW,Technology
AVDL,Health Care
AVDX,Technology
AVEO,Health Care
AVGO,Technology
AVGOP,Technology
AVGR,Health Care
AVHIU,
AVID,Technology
AVIR,Consumer Durables
AVNW,Capital Goods
AVO,
AVPT,Technology
AVPTW,Technology
AVRO,Health Care
AVT,Technology
AVTE,Health Care
AVTX,Health Care
AVXL,Health Care
AWH,Health Care
AWRE,Technology
AXDX,Capital Goods
AXGN,Health Care
AXLA,Health Care
AXNX,Health Care
AXON,Consumer Non-Durables
AXSM,Health Care
AXTI,Technology
AY,Public Utilities
AYLA,Consumer Durables
AYRO,
AYTU,Health Care
AZN,Health Care
AZPN,Technology
AZYO,Health Care
BAND,Technology
BANF,Finance
BANFP,Finance
BANR,Finance
BANX,Finance
BAOS,Miscellaneous
BASE,Technology
BATRA,Consumer Services
BATRK,Consumer Services
BBBY,Consumer Services
BBCP,Consumer Services
BBGI,Consumer Services
BBI,Health Care
BBIG,Consumer Non-Durables
BBIO,Health Care
BBLG,Health Care
BBLGW,Health Care
BBQ,Consumer Services
BBSI,Technology
BCAB,Consumer Durables
BCAC,
BCACU,
BCACW,
BCBP,Finance
BCDA,Health Care
BCDAW,Health Care
BCEL,Health Care
BCLI,Health Care
BCML,Finance
BCOR,Finance
BCOV,Technology
BCOW,Finance
BCPC,Basic Industries
BCRX,Health Care
BCTX,
BCTXW,
BCYC,Health Care
BDSI,Health Care
BDSX,Health Care
BDTX,Health Care
BEAM,Consumer Durables
BECN,Capital Goods
BEEM,Technology
BEEMW,Technology
BELFA,Capital Goods
BELFB,Capital Goods
BENE,
BENER,Finance
BENEU,
BENEW,
BFC,Finance
BFI,Consumer Services
BFIIW,Consumer Services
BFIN,Finance
BFRA,Health Care
BFST,Finance
BGCP,Finance
BGFV,Consumer Services
BGNE,Health Care
BGRY,Capital Goods
BGRYW,Capital Goods
BHACU,
BHAT,Consumer Non-Durables
BHF,Finance
BHFAL,Finance
BHFAN,Finance
BHFAO,Finance
BHFAP,Finance
BHSE,Finance
BHSEW,Finance
BHTG,Capital Goods
BIDU,Technology
BIGC,Technology
BIIB,Health Care
BILI,Technology
BIMI,Health Care
BIOC,Health Care
BIOL,Health Care
BIOT,Finance
BIOTU,Finance
BIOTW,Finance
BIOX,Basic Industries
BITF,
BIVI,Health Care
BJRI,Consumer Services
BKCC,Finance
BKEP,Energy
BKEPP,Energy
BKNG,Transportation
BKSC,Finance
BKYI,Miscellaneous
BL,Technology
BLBD,Capital Goods
BLCM,Health Care
BLCT,Technology
BLDE,Transportation
BLDEW,Transportation
BLDP,
BLFS,Health Care
BLFY,Finance
BLI,Consumer Durables
BLIN,Technology
BLKB,Technology
BLMN,Consumer Services
BLNG,
BLNGU,
BLNGW,
BLNK,Miscellaneous
BLNKW,Miscellaneous
BLPH,Health Care
BLRX,Health Care
BLSA,Finance
BLTS,
BLTSU,
BLTSW,
BLU,
BLUE,Health Care
BMAQU,
BMBL,Technology
BMEA,Health Care
BMRA,Health Care
BMRC,Finance
BMRN,Health Care
BMTC,Finance
BNFT,Technology
BNGO,Capital Goods
BNGOW,Capital Goods
BNIX,
BNIXR,
BNIXU,
BNIXW,
BNNRU,
BNR,Health Care
BNSO,Capital Goods
BNTC,Health Care
BNTX,Health Care
BOKF,Finance
BOLT,Health Care
BOMN,Technology
BON,Consumer Services
BOOM,
BOSC,Technology
BOTJ,Finance
BOXL,Capital Goods
BPMC,Health Care
BPOP,Finance
BPOPM,Finance
BPOPN,Finance
BPRN,Finance
BPTH,Health Care
BPTS,Health Care
BPYPM,
BPYPN,Finance
BPYPO,Finance
BPYPP,Finance
BRAG,
BRCN,Basic Industries
BREZ,
BREZR,Finance
BREZW,
BRID,Consumer Non-Durables
BRIV,
BRIVU,
BRIVW,
BRKL,Finance
BRKR,Capital Goods
BRKS,Technology
BRLI,Finance
BRLIR,Finance
BRLIW,Finance
BRLT,Consumer Non-Durables
BROG,Energy
BROGW,Energy
BRP,Finance
BRPM,
BRPMU,
BRPMW,
BRQS,
BRY,Energy
BSBK,
BSET,Consumer Durables
BSGA,
BSGAR,
BSGM,Health Care
BSKY,
BSKYU,
BSKYW,
BSQR,Technology
BSRR,Finance
BSVN,Finance
BSY,Technology
BTAI,Health Care
BTAQ,Finance
BTAQU,Finance
BTAQW,Finance
BTB,
BTBT,Finance
BTCS,Finance
BTCY,Health Care
BTNB,Finance
BTRS,Technology
BTRSW,Technology
BTWN,Finance
BTWNU,Finance
BTWNW,Finance
BTX,Health Care
BUSE,Finance
BVS,Health Care
BVXV,Health Care
BWAC,
BWACU,
BWACW,
BWAY,Health Care
BWB,Finance
BWBBP,Finance
BWC,
BWCAU,
BWCAW,
BWEN,Capital Goods
BWFG,Finance
BWMN,Consumer Services
BWMX,Consumer Services
BXRX,Health Care
BYFC,Finance
BYND,Consumer Non-Durables
BYRN,Consumer Non-Durables
BYSI,Health Care
BYTS,Finance
BYTSU,Finance
BYTSW,Finance
BZ,
BZUN,Consumer Services
CAAS,Capital Goods
CABA,Health Care
CAC,Finance
CACC,Finance
CADL,Health Care
CAKE,Consumer Services
CALA,Health Care
CALB,Finance
CALM,
CALT,Health Care
CAMP,Consumer Services
CAMT,Capital Goods
CAN,Technology
CAPR,Health Care
CAR,Miscellaneous
CARA,Health Care
CARE,Finance
CARG,
CARV,Finance
CASA,Technology
CASH,Finance
CASI,Health Care
CASS,Miscellaneous
CASY,Consumer Services
CATC,Finance
CATY,Finance
CBAN,Finance
CBAT,Capital Goods
CBAY,Health Care
CBFV,Finance
CBIO,Health Care
CBMB,Finance
CBNK,Finance
CBRL,Consumer Services
CBSH,Finance
CBTX,Finance
CCAI,
CCAIU,
CCAIW,
CCAP,
CCB,Finance
CCBG,Finance
CCCC,Health Care
CCD,Finance
CCEL,Health Care
CCEP,Consumer Non-Durables
CCLP,Energy
CCMP,Technology
CCNC,
CCNE,Finance
CCNEP,Finance
CCOI,Consumer Services
CCRN,Technology
CCSI,Technology
CCXI,Health Care
CD,Finance
CDAK,Consumer Durables
CDAQU,
CDEV,Energy
CDK,Technology
CDLX,Technology
CDMO,Health Care
CDNA,Health Care
CDNS,Technology
CDTX,Health Care
CDW,Technology
CDXC,Consumer Durables
CDXS,Health Care
CDZI,Public Utilities
CDZIP,Public Utilities
CECE,Capital Goods
CELC,Health Care
CELH,Consumer Non-Durables
CELU,Health Care
CELUW,Health Care
CEMI,Health Care
CENQ,
CENQU,
CENQW,
CENT,
CENTA,
CENX,Basic Industries
CERE,Consumer Durables
CERN,Health Care
CERS,Health Care
CERT,Consumer Durables
CETX,Technology
CETXP,Technology
CETXW,Technology
CEVA,Technology
CFB,Finance
CFBK,Finance
CFFE,
CFFEU,
CFFEW,
CFFI,Finance
CFFN,Finance
CFFVU,
CFFVW,
CFIV,
CFIVU,
CFIVW,
CFLT,Technology
CFMS,Health Care
CFRX,Health Care
CFV,
CFVI,
CFVIU,
CFVIW,
CG,Finance
CGABL,
CGBD,Finance
CGC,
CGEM,Health Care
CGEN,Health Care
CGNT,Technology
CGNX,Capital Goods
CGO,Finance
CGRN,
CGTX,Health Care
CHCI,Consumer Services
CHCO,Finance
CHDN,Consumer Services
CHEF,Consumer Non-Durables
CHEK,Health Care
CHEKZ,Health Care
CHI,Finance
CHK,Energy
CHKEL,Energy
CHKEW,Energy
CHKEZ,Energy
CHKP,Technology
CHMG,Finance
CHNG,Health Care
CHNGU,Health Care
CHNR,Basic Industries
CHPM,
CHPMW,
CHRS,Health Care
CHRW,Transportation
CHSCL,Consumer Non-Durables
CHSCM,Consumer Non-Durables
CHSCN,Consumer Non-Durables
CHSCO,Consumer Non-Durables
CHSCP,Consumer Non-Durables
CHTR,Consumer Services
CHUY,Consumer Services
CHW,Finance
CHWA,
CHWAW,
CHX,Capital Goods
CHY,Finance
CIDM,Consumer Services
CIFR,Finance
CIFRW,Finance
CIGI,
CIH,Technology
CIIGU,
CINF,Finance
CIVB,Finance
CIZN,Finance
CJJD,Consumer Durables
CKPT,Health Care
CLAQ,
CLAQR,
CLAQU,
CLAQW,
CLAR,Consumer Non-Durables
CLAY,
CLAYW,
CLBK,Finance
CLBS,Health Care
CLBT,
CLBTW,
CLDB,Finance
CLDX,Health Care
CLEU,Consumer Services
CLFD,Public Utilities
CLGN,Health Care
CLIR,Technology
CLLS,Health Care
CLMT,Energy
CLNE,Public Utilities
CLNN,Consumer Durables
CLNNW,Consumer Durables
CLOE,
CLOER,
CLOEU,
CLOV,Health Care
CLPS,Technology
CLPT,Health Care
CLRB,Health Care
CLRM,
CLRMU,
CLRMW,
CLRO,Technology
CLSD,Health Care
CLSK,Technology
CLSN,Health Care
CLST,
CLVR,
CLVRW,
CLVS,Health Care
CLWT,Consumer Durables
CLXT,Consumer Non-Durables
CMAX,Technology
CMAXW,Technology
CMBM,Technology
CMCO,Capital Goods
CMCSA,Consumer Services
CMCT,Consumer Services
CMCTP,Consumer Services
CME,Finance
CMLS,Consumer Services
CMLT,
CMLTU,
CMLTW,
CMMB,Health Care
CMPI,Consumer Durables
CMPR,Consumer Services
CMPS,Health Care
CMPX,
CMRX,Health Care
CMTL,Technology
CNBKA,Finance
CNCE,Health Care
CNDT,Technology
CNET,Technology
CNEY,Basic Industries
CNFR,Finance
CNFRL,Finance
CNNB,Finance
CNOB,Finance
CNOBP,Finance
CNSL,Public Utilities
CNSP,Health Care
CNTA,
CNTB,Health Care
CNTG,Health Care
CNTQ,
CNTQU,
CNTQW,
CNTX,Health Care
CNTY,Consumer Services
CNXC,Technology
CNXN,Technology
COCO,Consumer Non-Durables
COCP,Health Care
CODA,Capital Goods
CODX,Health Care
COFS,Finance
COGT,Health Care
COHR,Capital Goods
COHU,Capital Goods
COIN,Technology
COKE,Consumer Non-Durables
COLB,Finance
COLI,
COLIU,
COLIW,
COLL,Health Care
COLM,Consumer Non-Durables
COMM,Technology
COMS,Consumer Services
COMSP,Capital Goods
COMSW,Consumer Services
CONE,Consumer Services
CONN,Consumer Services
CONX,
CONXU,
CONXW,
COOL,Finance
COOLU,Finance
COOLW,Finance
COOP,Finance
CORT,Health Care
COST,Consumer Services
COUP,Technology
COVA,Finance
COVAU,Finance
COVAW,Finance
COWN,Finance
COWNL,Finance
CPAA,
CPAAU,
CPAAW,
CPAR,
CPARU,
CPARW,
CPHC,Consumer Services
CPIX,Health Care
CPLP,Transportation
CPOP,
CPRT,Miscellaneous
CPRX,Health Care
CPSH,
CPSI,Technology
CPSS,Finance
CPTAG,Finance
CPTAL,Finance
CPZ,Finance
CRAI,Miscellaneous
CRBP,Health Care
CRBU,Consumer Durables
CRCT,Capital Goods
CRDF,Health Care
CRDL,
CREG,
CRESW,Finance
CRESY,Finance
CREX,Technology
CREXW,Technology
CRIS,Health Care
CRKN,
CRMD,Health Care
CRMT,Consumer Services
CRNC,Technology
CRNT,Technology
CRNX,Health Care
CRON,
CROX,Consumer Non-Durables
CRSP,Health Care
CRSR,Technology
CRTD,Consumer Services
CRTDW,Consumer Services
CRTO,Technology
CRTX,Health Care
CRUS,Technology
CRVL,Finance
CRVS,Health Care
CRWD,Technology
CRWS,Basic Industries
CRXT,Health Care
CRXTW,Health Care
CRZN,Finance
CRZNW,Finance
CSBR,Health Care
CSCO,Technology
CSCW,
CSGP,Finance
CSGS,Technology
CSII,Health Care
CSIQ,
CSPI,Technology
CSQ,Finance
CSSE,Consumer Services
CSSEN,Consumer Services
CSSEP,Consumer Services
CSTE,Capital Goods
CSTL,Health Care
CSTR,Finance
CSWC,Finance
CSWI,Basic Industries
CSX,Transportation
CTAQ,
CTAQU,
CTAQW,
CTAS,Miscellaneous
CTBI,Finance
CTG,Technology
CTHR,Consumer Non-Durables
CTIB,Miscellaneous
CTIC,Health Care
CTKB,Health Care
CTLP,Technology
CTMX,Health Care
CTRE,Consumer Services
CTRM,Transportation
CTRN,
CTSH,Technology
CTSO,Health Care
CTXR,Health Care
CTXRW,Health Care
CTXS,Technology
CUBA,Finance
CUE,Health Care
CUEN,Technology
CUENW,Technology
CULL,Finance
CURI,Consumer Services
CURIW,Consumer Services
CUTR,Health Care
CVAC,Health Care
CVBF,Finance
CVCO,Basic Industries
CVCY,Finance
CVET,Health Care
CVGI,Capital Goods
CVGW,
CVLG,Transportation
CVLT,Technology
CVLY,Finance
CVRX,Health Care
CVV,Technology
CWBC,Finance
CWBR,Health Care
CWCO,Public Utilities
CWST,Public Utilities
CXDC,Consumer Non-Durables
CXDO,Consumer Services
CYAD,Health Care
CYAN,Consumer Non-Durables
CYBE,Capital Goods
CYBR,Technology
CYCC,Health Care
CYCCP,Health Care
CYCN,Health Care
CYN,Technology
CYRN,Technology
CYRX,
CYT,Health Care
CYTH,Health Care
CYTHW,Health Care
CYTK,Health Care
CYTO,Health Care
CYXT,Technology
CYXTW,Technology
CZNC,Finance
CZR,Consumer Services
CZWI,Finance
DADA,Consumer Services
DAIO,Capital Goods
DAKT,Capital Goods
DALN,Consumer Services
DALS,
DARE,Health Care
DATS,Technology
DATSW,Technology
DAWN,Health Care
DBDR,
DBDRW,
DBGI,Consumer Non-Durables
DBGIW,Consumer Non-Durables
DBTX,Health Care
DBVT,Health Care
DBX,Technology
DCBO,
DCOM,Finance
DCOMP,Finance
DCPH,Health Care
DCRC,
DCRCU,
DCRCW,
DCRD,
DCRDU,
DCRDW,
DCRN,
DCRNU,
DCRNW,
DCT,Technology
DCTH,Health Care
DDI,Technology
DDMX,
DDMXU,
DDMXW,
DDOG,Technology
DENN,Consumer Services
DFFN,Health Care
DFH,
DFPH,Finance
DFPHW,Finance
DGICA,Finance
DGICB,Finance
DGII,Technology
DGLY,Miscellaneous
DGNS,Technology
DGNU,Finance
DH,Technology
DHBC,
DHBCU,
DHBCW,
DHC,Consumer Services
DHCA,Finance
DHCAU,Finance
DHCAW,Finance
DHCNI,Consumer Services
DHCNL,Consumer Services
DHHC,
DHHCU,
DHHCW,
DHIL,Finance
DIBS,Miscellaneous
DICE,Health Care
DILA,
DILAU,
DILAW,
DIOD,Technology
DISA,Finance
DISAU,Finance
DISAW,Finance
DISCA,Consumer Services
DISCB,Consumer Services
DISCK,Consumer Services
DISH,Consumer Services
DJCO,Consumer Services
DKDCA,
DKDCU,
DKDCW,
DKNG,Consumer Services
DLCA,Finance
DLCAU,Finance
DLCAW,Finance
DLHC,Miscellaneous
DLO,
DLPN,
DLTH,Consumer Services
DLTR,Consumer Services
DMAC,
DMAQU,
DMLP,Energy
DMRC,Technology
DMTK,Health Care
DNAA,
DNAB,
DNAC,
DNAD,Health Care
DNAY,Health Care
DNLI,Health Care
DNUT,Consumer Services
DOCU,Technology
DOGZ,Consumer Durables
DOMO,Technology
DOOO,
DORM,Capital Goods
DOX,Technology
DOYU,Technology
DPRO,Consumer Durables
DRAY,
DRAYU,
DRAYW,
DRIO,Health Care
DRMA,Health Care
DRMAW,Health Care
DRNA,Health Care
DRRX,Health Care
DRTT,
DRVN,
DSAC,Finance
DSACU,Finance
DSACW,Finance
DSEY,Consumer Durables
DSGN,Health Care
DSGX,
DSKE,
DSKEW,
DSP,Technology
DSPG,Technology
DSWL,Consumer Non-Durables
DTEA,
DTIL,Health Care
DTOC,
DTOCU,
DTOCW,
DTRT,
DTRTU,
DTRTW,
DTSS,Technology
DTST,Technology
DTSTW,Technology
DUNE,
DUNEU,
DUNEW,
DUO,Technology
DUOL,Technology
DUOT,Technology
DVAX,Health Care
DWAC,
DWACU,
DWACW,
DWSN,Energy
DXCM,Health Care
DXLG,Consumer Services
DXPE,Capital Goods
DXYN,Consumer Durables
DYAI,Health Care
DYN,Consumer Durables
DYNS,
DYNT,Health Care
DZSI,Public Utilities
EA,Technology
EAC,
EACPU,
EACPW,
EAR,Health Care
EAST,Consumer Non-Durables
EBAC,Finance
EBACU,Finance
EBACW,Finance
EBAY,Consumer Services
EBC,Finance
EBET,Consumer Services
EBIX,Technology
EBMT,Finance
EBON,Technology
EBSB,Finance
EBTC,Finance
ECHO,Transportation
ECOL,Public Utilities
ECOR,Health Care
ECPG,
EDAP,Health Care
EDIT,Health Care
EDNCU,
EDRY,Consumer Services
EDSA,
EDTK,Consumer Services
EDTX,
EDTXU,
EDTXW,
EDUC,Consumer Services
EEFT,Technology
EEIQ,Consumer Services
EFOI,Consumer Durables
EFSC,Finance
EFTR,Health Care
EFTRW,Health Care
EGAN,Technology
EGBN,Finance
EGLE,Transportation
EGLX,
EGRX,Health Care
EH,Transportation
EHTH,Finance
EIGR,Health Care
EJFA,Finance
EJFAU,Finance
EJFAW,Finance
EJH,Consumer Services
EKSO,Health Care
ELDN,Health Care
ELEV,Health Care
ELMS,Capital Goods
ELMSW,Capital Goods
ELOX,Health Care
ELSE,Capital Goods
ELTK,Technology
ELYM,Health Care
ELYS,Consumer Services
EM,Consumer Services
EMCF,Finance
EMKR,Technology
EML,Capital Goods
ENDP,Health Care
ENERU,
ENFA,
ENFAU,
ENFAW,
ENG,Consumer Services
ENJY,Technology
ENJYW,Technology
ENLV,Health Care
ENNV,
ENNVU,
ENNVW,
ENOB,Health Care
ENPH,Capital Goods
ENSC,Health Care
ENSG,Health Care
ENTA,Health Care
ENTFU,
ENTG,Technology
ENTX,Health Care
ENTXW,Health Care
ENVB,Health Care
ENVI,
ENVIU,
ENVIW,
ENVX,Capital Goods
ENVXW,Capital Goods
EOLS,Consumer Durables
EOSE,Technology
EOSEW,Technology
EPAY,Technology
EPHY,
EPHYU,
EPHYW,
EPIX,
EPSN,
EPZM,Health Care
EQ,Health Care
EQBK,Finance
EQIX,Consumer Services
EQOS,Miscellaneous
ERAS,Health Care
ERES,
ERESU,
ERESW,
ERIC,Technology
ERIE,Finance
ERII,Technology
ERYP,Health Care
ESACU,
ESBK,Finance
ESCA,Consumer Non-Durables
ESEA,Transportation
ESGR,Finance
ESGRO,Finance
ESGRP,Finance
ESLT,Capital Goods
ESPR,Health Care
ESQ,Finance
ESSA,Finance
ESSC,Finance
ESSCR,Technology
ESSCW,Technology
ESTA,Health Care
ESXB,Finance
ETAC,
ETACU,
ETACW,
ETNB,Health Care
ETON,Health Care
ETSY,Consumer Services
ETTX,Health Care
EUCR,Finance
EUSG,Finance
EUSGU,Finance
EUSGW,Finance
EVAX,Health Care
EVBG,Technology
EVCM,Technology
EVER,Technology
EVFM,Health Care
EVGN,Basic Industries
EVGO,Consumer Services
EVGOW,Consumer Services
EVK,Consumer Non-Durables
EVLMC,Finance
EVLO,Consumer Durables
EVLV,Miscellaneous
EVLVW,Miscellaneous
EVOJ,
EVOJU,
EVOK,Health Care
EVOL,Technology
EVOP,Technology
EWBC,Finance
EWCZ,Consumer Non-Durables
EWTX,Health Care
EXAI,
EXAS,Health Care
EXC,Public Utilities
EXEL,Health Care
EXLS,Technology
EXPD,Transportation
EXPE,Transportation
EXPI,Finance
EXPO,Consumer Services
EXTR,Capital Goods
EYE,Health Care
EYEG,Health Care
EYEN,Health Care
EYES,Health Care
EYESW,Health Care
EYPT,Health Care
EZFL,Technology
EZGO,Consumer Non-Durables
EZPW,Miscellaneous
FA,Miscellaneous
FAMI,Consumer Non-Durables
FANG,Energy
FANH,Finance
FARM,Consumer Non-Durables
FARO,Capital Goods
FAST,
FAT,Consumer Services
FATBB,Consumer Services
FATBP,Consumer Services
FATBW,Consumer Services
FATE,Health Care
FATPU,
FB,Technology
FBIO,Health Care
FBIOP,Health Care
FBIZ,Finance
FBMS,Finance
FBNC,Finance
FBRX,Health Care
FCAP,Finance
FCBC,Finance
FCCO,Finance
FCCY,Finance
FCEL,Public Utilities
FCFS,Miscellaneous
FCNCA,Finance
FCNCP,Finance
FCRD,Finance
FCUV,Capital Goods
FDBC,Finance
FDMT,Health Care
FDUS,Finance
FDUSG,Finance
FDUSZ,
FEIM,Capital Goods
FELE,Consumer Durables
FEMY,Health Care
FENC,
FEXDU,
FFBC,Finance
FFBW,Finance
FFHL,Capital Goods
FFIC,Finance
FFIE,Capital Goods
FFIEW,Capital Goods
FFIN,Finance
FFIV,Technology
FFNW,Finance
FFWM,Finance
FGBI,Finance
FGBIP,Finance
FGEN,Health Care
FGF,Finance
FGFPP,Finance
FHB,Finance
FHLTU,
FHTX,Consumer Durables
FIACU,
FIBK,Finance
FICV,
FICVU,
FICVW,
FINM,Finance
FINMU,Finance
FINMW,Finance
FISI,Finance
FISV,Technology
FITB,Finance
FITBI,Finance
FITBO,Finance
FITBP,Finance
FIVE,Consumer Services
FIVN,Technology
FIXX,Health Care
FIZZ,Consumer Non-Durables
FKWL,Public Utilities
FLAC,Finance
FLACU,Finance
FLACW,Finance
FLDM,Capital Goods
FLEX,Technology
FLGC,
FLGT,Health Care
FLIC,Finance
FLL,Consumer Services
FLMN,Energy
FLMNW,Energy
FLNC,
FLNT,Consumer Services
FLUX,Capital Goods
FLWS,Consumer Services
FLXN,Health Care
FLXS,Consumer Durables
FLYW,Technology
FMAO,Finance
FMBH,Finance
FMBI,Finance
FMBIO,Finance
FMBIP,Finance
FMIV,
FMIVU,
FMIVW,
FMNB,Finance
FMTX,Health Care
FNCB,Finance
FNCH,Health Care
FNHC,Finance
FNKO,Consumer Non-Durables
FNLC,Finance
FNWB,Finance
FOCS,Finance
FOLD,Health Care
FONR,Health Care
FORA,Technology
FORD,
FORE,
FOREU,
FOREW,
FORM,Technology
FORR,Consumer Services
FORTY,Technology
FOSL,Consumer Non-Durables
FOUNU,
FOX,Consumer Services
FOXA,Consumer Services
FOXF,Consumer Non-Durables
FOXW,
FOXWU,
FOXWW,
FPAY,Consumer Services
FRAF,Finance
FRBA,Finance
FRBK,Finance
FREE,Miscellaneous
FREEW,Miscellaneous
FREQ,Health Care
FRG,Miscellaneous
FRGAP,Miscellaneous
FRGI,Consumer Services
FRHC,Finance
FRLN,Health Care
FRME,Finance
FROG,Technology
FRON,Finance
FRONU,Finance
FRONW,Finance
FRPH,Finance
FRPT,
FRSG,
FRSGU,
FRSGW,
FRSH,Technology
FRST,Finance
FRSX,Technology
FRTA,
FRW,
FRWAU,
FRWAW,
FSBC,Finance
FSBW,Finance
FSEA,Finance
FSFG,Finance
FSII,
FSLR,Technology
FSRX,
FSRXU,
FSRXW,
FSSI,
FSSIU,
FSSIW,
FSTR,Basic Industries
FSTX,Health Care
FSV,
FTAA,Finance
FTAAU,Finance
FTAAW,Finance
FTCI,Technology
FTCV,
FTCVU,
FTCVW,
FTDR,Miscellaneous
FTEK,Capital Goods
FTFT,Technology
FTHM,Finance
FTNT,Miscellaneous
FTPA,
FTPAU,
FTPAW,
FTRP,
FTVI,
FTVIU,
FTVIW,
FULC,Health Care
FULT,Finance
FULTP,Finance
FUNC,Finance
FUND,Finance
FUSB,Finance
FUSN,
FUTU,Finance
FUV,Consumer Non-Durables
FVAM,
FVCB,Finance
FVE,Health Care
FWAC,
FWBI,Health Care
FWONA,Consumer Services
FWONK,Consumer Services
FWP,Health Care
FWRD,Transportation
FWRG,Consumer Services
FXNC,Finance
FYBR,Consumer Services
GABC,Finance
GACQ,
GACQW,
GAIA,Capital Goods
GAIN,Finance
GAINN,Finance
GAINZ,Finance
GALT,Health Care
GAMB,
GAMC,
GAMCU,
GAMCW,
GAME,
GAN,Technology
GANX,Health Care
GASS,Transportation
GATEU,
GBCI,Finance
GBDC,Finance
GBIO,Health Care
GBLI,Finance
GBLIL,Finance
GBNH,
GBNY,Finance
GBOX,Technology
GBRG,Finance
GBRGR,Finance
GBRGW,Finance
GBS,Capital Goods
GBT,Health Care
GCAC,
GCACU,
GCACW,
GCBC,Finance
GCMG,Finance
GCMGW,Finance
GDEN,Consumer Services
GDEV,
GDEVW,
GDRX,Technology
GDS,Technology
GDYN,Technology
GECC,Finance
GECCM,Finance
GECCN,Finance
GECCO,
GEG,Health Care
GENC,Capital Goods
GENE,Health Care
GEOS,Capital Goods
GERN,Health Care
GET,
GEVO,Health Care
GFAI,Finance
GFAIW,Finance
GFED,Finance
GFS,
GGAL,Finance
GGGV,
GGGVR,
GGGVU,
GGMC,
GGMCW,
GGPI,
GGPIU,
GGPIW,
GH,Health Care
GHAC,
GHACU,
GHACW,
GHRS,
GHSI,Consumer Durables
GIACU,
GIFI,Energy
GIG,
GIGGU,
GIGGW,
GIGM,Technology
GIII,Consumer Services
GIIX,
GIIXU,
GIIXW,
GILD,Health Care
GILT,Technology
GIPR,Consumer Services
GIPRW,Consumer Services
GIW,
GIWWU,
GIWWW,
GLAD,Finance
GLADL,Finance
GLAQ,
GLAQU,
GLAQW,
GLBE,Technology
GLBL,Finance
GLBLU,Finance
GLBLW,Finance
GLBS,Transportation
GLBZ,Finance
GLDD,Capital Goods
GLEE,
GLEEU,
GLEEW,
GLG,Technology
GLHA,
GLHAU,
GLHAW,
GLMD,Health Care
GLNG,Energy
GLPG,Health Care
GLPI,Consumer Services
GLRE,Finance
GLSI,Health Care
GLSPT,Finance
GLSPU,Finance
GLSPW,Finance
GLTO,Health Care
GLUE,Health Care
GLYC,Health Care
GMAB,Health Care
GMBL,Consumer Services
GMBLW,Consumer Services
GMBT,Finance
GMBTU,Finance
GMBTW,Finance
GMDA,Health Care
GMII,
GMIIU,
GMIIW,
GMTX,Health Care
GMVD,
GMVDW,
GNAC,
GNACU,
GNACW,
GNCA,Health Care
GNFT,Health Care
GNLN,Miscellaneous
GNOG,Consumer Services
GNPX,Health Care
GNSS,Capital Goods
GNTX,Capital Goods
GNTY,Finance
GNUS,Consumer Services
GO,Consumer Non-Durables
GOBI,
GOCO,Finance
GOEV,
GOEVW,
GOGL,Transportation
GOGO,Consumer Services
GOOD,Consumer Services
GOODN,Consumer Services
GOODO,Consumer Services
GOOG,Technology
GOOGL,Technology
GOSS,Health Care
GOVX,Health Care
GOVXW,Health Care
GP,Capital Goods
GPAC,Finance
GPACU,Finance
GPACW,Finance
GPCO,
GPCOR,
GPCOW,
GPP,
GPRE,Basic Industries
GPRO,Miscellaneous
GRAY,Health Care
GRBK,Capital Goods
GRCL,Health Care
GRCY,Finance
GRCYU,Finance
GRCYW,Finance
GREE,Finance
GREEL,Finance
GRFS,Health Care
GRIL,
GRIN,Transportation
GRMN,Capital Goods
GRNQ,Consumer Services
GROM,
GROMW,
GROW,Finance
GRPH,Consumer Durables
GRPN,Technology
GRTS,Health Care
GRTX,Consumer Durables
GRUB,
GRVI,Health Care
GRVY,Miscellaneous
GRWG,Consumer Services
GSAQ,Finance
GSAQU,Finance
GSAQW,Finance
GSBC,Finance
GSEV,
GSEVU,
GSEVW,
GSHD,Finance
GSIT,Technology
GSKY,Technology
GSM,Basic Industries
GSMG,Technology
GSMGW,Technology
GT,Consumer Durables
GTACU,
GTBP,Health Care
GTEC,Finance
GTH,Health Care
GTHX,Health Care
GTIM,Consumer Services
GTLB,Technology
GTPA,
GTPAW,
GTPB,
GTPBW,
GTX,Capital Goods
GTXAP,Capital Goods
GTYH,Technology
GURE,Basic Industries
GVP,Technology
GWGH,Finance
GWII,
GWIIW,
GWRS,Public Utilities
GXII,
GXIIU,
GYRO,Consumer Services
HA,Transportation
HAAC,
HAACU,
HAACW,
HAFC,Finance
HAIN,Capital Goods
HALL,Finance
HALO,Health Care
HAPP,Consumer Durables
HARP,Health Care
HAS,Consumer Non-Durables
HAYN,
HBAN,Finance
HBANM,Finance
HBANP,Finance
HBCP,Finance
HBIO,Capital Goods
HBMD,Finance
HBNC,Finance
HBP,Capital Goods
HBT,Finance
HCAQ,Finance
HCAR,
HCARU,
HCARW,
HCAT,Health Care
HCCC,
HCCCU,
HCCCW,
HCCI,Public Utilities
HCDI,Consumer Services
HCDIP,Consumer Services
HCDIW,Consumer Services
HCDIZ,Consumer Services
HCIC,
HCICU,
HCICW,
HCII,
HCIIU,
HCIIW,
HCKT,Technology
HCM,Health Care
HCNE,
HCNEU,
HCNEW,
HCSG,Health Care
HCTI,Technology
HCVIU,
HCWB,Health Care
HDSN,Basic Industries
HEAR,Consumer Non-Durables
HEES,Technology
HELE,Miscellaneous
HEPA,Health Care
HEPS,
HERA,
HERAU,
HERAW,Finance
HEXO,
HFBL,Finance
HFFG,Consumer Non-Durables
HFWA,Finance
HGBL,Finance
HGEN,Health Care
HGSH,Consumer Services
HHGCU,
HHR,Technology
HIBB,Consumer Services
HIFS,Finance
HIHO,Capital Goods
HIII,
HIIIU,
HIIIW,
HIMX,Technology
HITI,
HIVE,
HLAH,
HLAHU,
HLAHW,
HLBZ,Consumer Services
HLBZW,Consumer Services
HLG,Consumer Services
HLIO,Capital Goods
HLIT,Technology
HLMN,Capital Goods
HLMNW,Capital Goods
HLNE,Finance
HLTH,Technology
HLXA,Finance
HMCO,
HMCOU,
HMCOW,
HMHC,Miscellaneous
HMNF,Finance
HMPT,Finance
HMST,Finance
HMTV,Consumer Services
HNNA,Finance
HNNAZ,
HNRG,Energy
HNST,Consumer Non-Durables
HOFT,Consumer Durables
HOFV,Consumer Services
HOFVW,Consumer Services
HOLI,Capital Goods
HOLX,Health Care
HOMB,Finance
HON,Capital Goods
HONE,Finance
HOOD,Technology
HOOK,Health Care
HOPE,Finance
HOTH,Consumer Durables
HOVNP,Capital Goods
HOWL,Health Care
HPK,Energy
HPKEW,Energy
HPLTU,
HQI,Technology
HQY,Health Care
HRMY,Health Care
HROW,Health Care
HROWL,
HRTX,Consumer Durables
HRZN,Finance
HSAQ,Finance
HSDT,Health Care
HSIC,Health Care
HSII,Technology
HSKA,
HSON,Technology
HST,Consumer Services
HSTM,Miscellaneous
HSTO,Consumer Durables
HTBI,Finance
HTBK,Finance
HTBX,Health Care
HTGM,Capital Goods
HTHT,Consumer Services
HTIA,Consumer Services
HTIBP,Consumer Services
HTLD,Transportation
HTLF,Finance
HTLFP,Finance
HTOO,Public Utilities
HTOOW,Public Utilities
HUBG,Transportation
HUDI,Basic Industries
HUGE,
HUIZ,Finance
HUMA,Health Care
HUMAW,Health Care
HURC,Basic Industries
HURN,Consumer Services
HUSN,Consumer Services
HUT,
HVBC,Finance
HWBK,Finance
HWC,Finance
HWCPZ,Finance
HWEL,
HWELU,
HWELW,
HWKN,Basic Industries
HX,Finance
HYAC,
HYACU,
HYACW,
HYFM,Capital Goods
HYMC,Basic Industries
HYMCL,Basic Industries
HYMCW,Basic Industries
HYMCZ,Basic Industries
HYRE,Miscellaneous
HYW,Finance
HYZN,Capital Goods
HYZNW,Capital Goods
HZNP,Health Care
IAC,Consumer Services
IART,Health Care
IAS,Technology
IBCP,Finance
IBEX,Technology
IBKR,Finance
IBOC,Finance
IBRX,Health Care
IBTX,Finance
ICAD,Health Care
ICBK,Finance
ICCC,Health Care
ICCH,Finance
ICCM,
ICFI,Consumer Services
ICHR,Technology
ICLK,Technology
ICLR,Health Care
ICMB,Finance
ICPT,Health Care
ICUI,Health Care
ICVX,Health Care
IDBA,Miscellaneous
IDCC,Public Utilities
IDEX,Technology
IDN,Technology
IDRA,Health Care
IDXX,Health Care
IDYA,Health Care
IEA,Basic Industries
IEAWW,Basic Industries
IEP,
IESC,Capital Goods
IFBD,
IFMK,Consumer Services
IFRX,Health Care
IGAC,
IGACU,
IGACW,
IGIC,Finance
IGICW,Finance
IGMS,Health Care
IHRT,Consumer Services
III,Technology
IIII,
IIIIU,
IIIIW,
IIIV,Technology
IIN,Health Care
IINN,Health Care
IINNW,Health Care
IIVI,Capital Goods
IIVIP,Capital Goods
IKNA,Health Care
IKNX,Miscellaneous
IKT,Health Care
ILMN,Health Care
ILPT,Consumer Services
IMAB,Health Care
IMAC,Health Care
IMACW,Health Care
IMAQ,
IMAQR,
IMAQU,
IMAQW,
IMBI,Consumer Services
IMBIL,
IMCC,
IMCR,Health Care
IMGN,Health Care
IMGO,Health Care
IMKTA,Consumer Services
IMMP,Health Care
IMMR,Technology
IMNM,Consumer Durables
IMOS,Technology
IMPL,Health Care
IMRA,Health Care
IMRN,Health Care
IMRNW,Health Care
IMRX,Health Care
IMTE,Consumer Non-Durables
IMTX,Health Care
IMTXW,Health Care
IMUX,Health Care
IMV,
IMVT,Health Care
IMXI,Technology
INAB,Health Care
INBK,Finance
INBKZ,Finance
INBX,Health Care
INCR,
INCY,Health Care
INDB,Finance
INDI,Technology
INDIW,Technology
INDP,Health Care
INDT,Finance
INFI,Health Care
INFN,Public Utilities
INGN,Health Care
INKA,
INKAU,
INKAW,
INKT,Consumer Durables
INM,
INMB,Health Care
INMD,Health Care
INNV,Health Care
INO,Health Care
INOD,Technology
INOV,Technology
INPX,Technology
INSE,
INSG,Capital Goods
INSM,Health Care
INTA,Technology
INTC,Technology
INTG,Consumer Services
INTU,Technology
INTZ,Miscellaneous
INVA,Health Care
INVE,Technology
INVO,Health Care
INVZ,Capital Goods
INVZW,Capital Goods
INZY,Health Care
IOACU,
IONM,Health Care
IONS,Health Care
IOSP,Basic Industries
IOVA,Health Care
IPA,
IPAR,Consumer Non-Durables
IPAXU,
IPDN,Technology
IPGP,Technology
IPHA,Health Care
IPLDP,Public Utilities
IPSC,Consumer Durables
IPVI,
IPVIU,
IPVIW,
IPW,Consumer Services
IPWR,Capital Goods
IQ,Technology
IRBT,
IRCP,Consumer Services
IRDM,Consumer Services
IRIX,Health Care
IRMD,Health Care
IROQ,Finance
IRTC,Health Care
IRWD,Health Care
ISAA,
ISBC,Finance
ISEE,Health Care
ISIG,Technology
ISLE,
ISLEW,
ISO,Health Care
ISPC,Health Care
ISRG,Health Care
ISSC,Capital Goods
ISTR,Finance
ISUN,Technology
ITCI,Health Care
ITHX,Finance
ITHXU,Finance
ITHXW,Finance
ITI,Capital Goods
ITIC,Finance
ITMR,Health Care
ITOS,Consumer Durables
ITQ,Finance
ITQRU,Finance
ITQRW,Finance
ITRI,Capital Goods
ITRM,Health Care
ITRN,Technology
IVA,Consumer Services
IVAC,
IXAQU,
IZEA,Technology
JACK,Consumer Services
JAGX,Health Care
JAKK,Consumer Non-Durables
JAMF,Technology
JAN,Public Utilities
JANX,Health Care
JAQC,
JAQCW,
JAZZ,Health Care
JBHT,Transportation
JBLU,Transportation
JBSS,Consumer Non-Durables
JCIC,Finance
JCICU,Finance
JCICW,Finance
JCS,Public Utilities
JCTCF,
JD,Miscellaneous
JFIN,Finance
JFU,Finance
JG,Technology
JJSF,Consumer Non-Durables
JKHY,Technology
JMACU,
JMPNZ,Finance
JNCE,Health Care
JOAN,Consumer Non-Durables
JOBS,Technology
JOFF,
JOFFU,
JOFFW,
JOUT,Consumer Non-Durables
JRJC,Finance
JRSH,Basic Industries
JRVR,Finance
JSM,Finance
JSPR,Health Care
JSPRW,Health Care
JUGG,
JUGGU,
JUGGW,
JUPW,Health Care
JUPWW,Health Care
JVA,Consumer Non-Durables
JWEL,Consumer Services
JYAC,
JYNT,
JZXN,Consumer Durables
KAII,Finance
KAIIU,Finance
KAIIW,Finance
KAIR,Finance
KAIRU,Finance
KAIRW,Finance
KALA,Health Care
KALU,Basic Industries
KALV,Health Care
KARO,Technology
KAVL,Consumer Non-Durables
KBAL,Consumer Durables
KBNT,Technology
KBNTW,Technology
KC,Technology
KDMN,Health Care
KDNY,Health Care
KDP,Consumer Non-Durables
KE,Capital Goods
KELYA,Technology
KELYB,Technology
KEQU,Capital Goods
KERN,Health Care
KERNW,Health Care
KFFB,Finance
KFRC,Technology
KHC,Consumer Non-Durables
KIDS,Health Care
KIII,Finance
KIIIU,Finance
KIIIW,Finance
KINS,Finance
KINZ,
KINZU,
KINZW,
KIRK,Miscellaneous
KLAC,Capital Goods
KLAQ,
KLAQU,
KLAQW,
KLDO,Health Care
KLIC,Technology
KLTR,Technology
KLXE,Energy
KMDA,Health Care
KMPH,Health Care
KNBE,Technology
KNDI,Capital Goods
KNSA,Health Care
KNSL,Finance
KNTE,Health Care
KOD,Health Care
KOPN,Capital Goods
KOR,
KOSS,Consumer Non-Durables
KPLT,Technology
KPLTW,Technology
KPTI,Miscellaneous
KRBP,Consumer Durables
KRKR,Miscellaneous
KRMD,Health Care
KRNL,Finance
KRNLU,Finance
KRNLW,Finance
KRNT,Capital Goods
KRNY,Finance
KRON,Consumer Durables
KROS,Consumer Durables
KRT,Capital Goods
KRTX,Health Care
KRUS,Consumer Services
KRYS,Health Care
KSI,
KSICU,
KSICW,
KSPN,Consumer Services
KTCC,Technology
KTOS,Consumer Non-Durables
KTRA,Health Care
KTTA,Health Care
KTTAW,Health Care
KURA,Health Care
KVHI,Technology
KVSA,
KVSB,
KVSC,
KXIN,Finance
KYMR,Consumer Durables
KZIA,Health Care
KZR,Health Care
LAAA,
LAAAW,
LABP,Consumer Durables
LAKE,
LAMR,Consumer Services
LANC,Consumer Non-Durables
LAND,Consumer Services
LANDM,Consumer Services
LANDO,Consumer Services
LARK,Finance
LASR,Technology
LAUR,Miscellaneous
LAWS,Capital Goods
LAZR,Technology
LAZY,Consumer Services
LBAI,Finance
LBC,Finance
LBPH,Health Care
LBPS,Health Care
LBPSW,Health Care
LBRDA,Consumer Services
LBRDK,Consumer Services
LBRDP,Consumer Services
LBTYA,Consumer Services
LBTYB,Consumer Services
LBTYK,Consumer Services
LCA,
LCAA,Finance
LCAHU,
LCAHW,
LCAP,
LCAPU,
LCAPW,
LCID,Capital Goods
LCNB,Finance
LCUT,Consumer Durables
LDHA,Finance
LDHAU,Finance
LDHAW,Finance
LE,Consumer Services
LECO,Capital Goods
LEDS,Technology
LEE,Consumer Services
LEGA,Finance
LEGAU,Finance
LEGAW,Finance
LEGH,Basic Industries
LEGN,Health Care
LESL,Consumer Services
LEVL,
LEVLP,
LEXX,Health Care
LEXXW,Health Care
LFMD,Miscellaneous
LFMDP,Miscellaneous
LFST,Health Care
LFTR,
LFTRU,
LFTRW,
LFUS,Technology
LFVN,Consumer Non-Durables
LGAC,Finance
LGACU,Finance
LGACW,Finance
LGHL,Finance
LGHLW,Finance
LGIH,Capital Goods
LGND,Health Care
LGO,
LGVN,Consumer Durables
LHAA,
LHCG,Health Care
LHDX,Health Care
LI,Capital Goods
LIDR,Capital Goods
LIDRW,Capital Goods
LIFE,Health Care
LILA,Consumer Services
LILAK,Consumer Services
LILM,
LILMW,
LINC,Miscellaneous
LIND,
LINK,Capital Goods
LIQT,Capital Goods
LITE,Technology
LITT,
LITTU,
LITTW,
LIVE,Capital Goods
LIVN,Health Care
LIXT,Health Care
LIXTW,Health Care
LIZI,Technology
LJAQ,
LJAQU,
LJAQW,
LJPC,Health Care
LKCO,Technology
LKFN,Finance
LKQ,Capital Goods
LLL,Consumer Non-Durables
LLNW,
LMACA,
LMACU,
LMACW,
LMAO,
LMAOU,
LMAOW,
LMAT,Health Care
LMB,Consumer Services
LMDX,
LMDXW,
LMFA,Finance
LMNL,
LMNR,
LMPX,
LMRK,Consumer Services
LMRKN,Consumer Services
LMRKO,Consumer Services
LMRKP,Consumer Services
LMST,Finance
LNDC,Consumer Non-Durables
LNSR,Health Care
LNT,Public Utilities
LNTH,Health Care
LOAN,Consumer Services
LOB,Finance
LOCO,Consumer Services
LOGC,Health Care
LOGI,Technology
LOOP,
LOPE,Miscellaneous
LORL,Public Utilities
LOTZ,Consumer Services
LOTZW,Consumer Services
LOVE,
LPCN,Health Care
LPLA,Finance
LPRO,Finance
LPSN,Technology
LPTH,Capital Goods
LPTX,Health Care
LQDA,Health Care
LQDT,Consumer Services
LRCX,Technology
LRFC,Finance
LRMR,Health Care
LSBK,Finance
LSCC,Technology
LSEA,
LSEAW,
LSTR,Transportation
LSXMA,Consumer Services
LSXMB,Consumer Services
LSXMK,Consumer Services
LTBR,Miscellaneous
LTCH,Technology
LTCHW,Technology
LTRN,Health Care
LTRPA,
LTRPB,
LTRX,Capital Goods
LUCD,Health Care
LULU,
LUMO,Health Care
LUNA,Health Care
LUNG,Health Care
LUXA,
LUXAU,
LUXAW,
LVACU,
LVO,Consumer Services
LVOX,Technology
LVOXU,Technology
LVOXW,Technology
LVRA,Finance
LVRAU,Finance
LVRAW,Finance
LVTX,Health Care
LWAY,Consumer Non-Durables
LWLG,Consumer Non-Durables
LX,Finance
LXEH,Consumer Services
LXRX,Health Care
LYEL,Health Care
LYFT,Technology
LYL,Finance
LYRA,Consumer Durables
LYTS,Consumer Durables
LZ,Technology
MACA,Finance
MACAU,Finance
MACAW,Finance
MACK,Health Care
MACQ,
MACQU,
MACQW,
MACU,
MACUU,
MACUW,
MANH,Technology
MANT,Technology
MAPS,Technology
MAPSW,Technology
MAQC,
MAQCU,
MAQCW,
MAR,Consumer Services
MARA,Finance
MARK,Consumer Services
MARPS,Energy
MASI,Health Care
MASS,Health Care
MAT,Consumer Non-Durables
MATW,
MAXN,Finance
MAYS,Consumer Services
MBCN,Finance
MBII,Basic Industries
MBIN,Finance
MBINN,Finance
MBINO,Finance
MBINP,Finance
MBIO,Health Care
MBNKP,Finance
MBOT,Health Care
MBRX,Health Care
MBTC,Finance
MBTCR,
MBTCU,Finance
MBUU,Consumer Non-Durables
MBWM,Finance
MCAD,
MCADR,Finance
MCADU,
MCAE,
MCAEU,
MCAF,
MCAFR,
MCAFU,
MCBC,Finance
MCBS,Finance
MCFE,Technology
MCFT,Consumer Non-Durables
MCHP,Technology
MCHX,Miscellaneous
MCMJ,
MCMJW,
MCRB,Health Care
MCRI,Consumer Services
MDB,Technology
MDGL,Health Care
MDGS,Health Care
MDGSW,Health Care
MDIA,Consumer Services
MDJH,Finance
MDLZ,Consumer Non-Durables
MDNA,
MDRR,Consumer Services
MDRRP,Consumer Services
MDRX,Technology
MDVL,Health Care
MDWD,Consumer Durables
MDWT,Finance
MDXG,Health Care
ME,Health Care
MEAC,
MEACU,
MEACW,
MEDP,Health Care
MEDS,
MEIP,Health Care
MEKA,
MELI,Consumer Services
MEOA,
MEOAU,
MEOAW,
MEOH,
MERC,Basic Industries
MESA,Transportation
MESO,Health Care
METC,Energy
METCL,
METX,Consumer Services
METXW,Consumer Services
MEUSW,Health Care
MF,
MFH,Technology
MFIN,Finance
MGEE,
MGI,Miscellaneous
MGIC,Technology
MGLN,Health Care
MGNI,Technology
MGNX,Health Care
MGPI,
MGRC,Technology
MGTA,Health Care
MGTX,Health Care
MGYR,Finance
MHLD,Finance
MICT,Technology
MIDD,Capital Goods
MIGI,Technology
MILE,Finance
MILEW,Finance
MIME,Technology
MIND,Capital Goods
MINDP,Capital Goods
MINM,Consumer Services
MIRM,Health Care
MIRO,Health Care
MIST,
MITA,
MITAU,
MITAW,
MITC,Consumer Non-Durables
MITK,Technology
MITO,Health Care
MKD,Miscellaneous
MKSI,Capital Goods
MKTW,Technology
MKTWW,Technology
MKTX,Finance
MKTY,Capital Goods
MKTYP,Capital Goods
MLAB,Capital Goods
MLAC,Finance
MLACU,Finance
MLACW,Finance
MLCO,Consumer Services
MLHR,Capital Goods
MLVF,Finance
MMAT,Technology
MMLP,Energy
MMMB,Consumer Non-Durables
MMSI,Health Care
MMYT,Technology
MNDO,Technology
MNDT,Technology
MNDY,
MNKD,Health Care
MNMD,
MNOV,Health Care
MNPR,Health Care
MNRO,
MNSB,Finance
MNSBP,Finance
MNST,Consumer Non-Durables
MNTK,
MNTS,
MNTSW,
MNTV,Technology
MNTX,Consumer Durables
MODV,
MOFG,Finance
MOGO,
MOHO,Consumer Services
MOLN,
MOMO,Technology
MON,
MONCU,
MONCW,
MOR,Health Care
MORF,Health Care
MORN,Technology
MOSY,Technology
MOTN,
MOTNW,
MOTS,Health Care
MOVE,Health Care
MOXC,
MPAA,Capital Goods
MPAC,Finance
MPACR,Finance
MPACU,Finance
MPACW,Finance
MPB,Finance
MPWR,Technology
MQ,Technology
MRAI,Health Care
MRAM,Technology
MRBK,Finance
MRCC,Finance
MRCY,
MREO,Health Care
MRIN,Technology
MRKR,Health Care
MRLN,Finance
MRM,Consumer Services
MRNA,Health Care
MRNS,Health Care
MRSN,Health Care
MRTN,Transportation
MRTX,Health Care
MRUS,Health Care
MRVI,Health Care
MRVL,Technology
MSAC,Finance
MSACW,Finance
MSBI,Finance
MSDA,Finance
MSDAU,Finance
MSDAW,Finance
MSEX,Public Utilities
MSFT,Technology
MSGM,
MSON,Health Care
MSTR,Technology
MSVB,Finance
MTAC,
MTACU,
MTACW,
MTBC,Health Care
MTBCP,Health Care
MTC,Technology
MTCH,
MTCR,Consumer Durables
MTEM,Health Care
MTEX,Consumer Durables
MTLS,Technology
MTP,Health Care
MTRX,Consumer Services
MTRYU,
MTSI,Technology
MTTR,Technology
MTTRW,Technology
MU,Technology
MUDS,
MUDSU,
MUDSW,
MVBF,Finance
MVIS,Capital Goods
MVST,Capital Goods
MVSTW,Capital Goods
MXCT,Health Care
MYFW,Finance
MYGN,Health Care
MYMD,Consumer Durables
MYPS,Technology
MYPSW,Technology
MYRG,Basic Industries
MYSZ,Technology
NAAC,Finance
NAACU,Finance
NAACW,Finance
NAII,Consumer Non-Durables
NAKD,Basic Industries
NAOV,Health Care
NARI,Health Care
NATH,Consumer Services
NATI,Technology
NATR,Health Care
NAUT,Health Care
NAVI,Finance
NBEV,Consumer Non-Durables
NBIX,Health Care
NBN,Finance
NBRV,Health Care
NBSE,Health Care
NBST,
NBSTU,
NBSTW,
NBTB,Finance
NBTX,Health Care
NCACU,
NCBS,Finance
NCMI,Technology
NCNA,Health Care
NCNO,Technology
NCSM,Energy
NCTY,Miscellaneous
NDAC,
NDACU,
NDACW,
NDAQ,Finance
NDLS,Consumer Services
NDRA,Health Care
NDRAW,Health Care
NDSN,Capital Goods
NECB,Finance
NEGG,
NEO,Health Care
NEOG,Health Care
NEON,Capital Goods
NEPH,Health Care
NEPT,
NERV,Health Care
NESR,Finance
NETE,Technology
NEWT,Finance
NEWTL,Finance
NEWTZ,
NEXI,Consumer Durables
NEXT,Energy
NFBK,Finance
NFE,Public Utilities
NFLX,Consumer Services
NGCA,Finance
NGCAU,Finance
NGCAW,Finance
NGM,Health Care
NGMS,Consumer Services
NH,Health Care
NHICU,
NHTC,Miscellaneous
NICE,Technology
NICK,
NISN,Capital Goods
NIU,Capital Goods
NKLA,Capital Goods
NKSH,Finance
NKTR,Health Care
NKTX,Health Care
NLIT,
NLITU,
NLITW,
NLOK,Technology
NLSP,Health Care
NLSPW,Health Care
NLTX,Health Care
NMFC,Finance
NMIH,Finance
NMMC,
NMMCU,
NMMCW,
NMRD,Health Care
NMRK,Finance
NMTC,Health Care
NMTR,Health Care
NNBR,
NNDM,Technology
NNOX,Health Care
NOAC,
NOACU,
NOACW,
NODK,Finance
NOTV,Health Care
NOVN,Health Care
NOVT,
NOVVR,
NOVVW,
NPCE,Health Care
NRAC,Finance
NRACU,Finance
NRACW,Finance
NRBO,Health Care
NRC,Health Care
NRIM,Finance
NRIX,Health Care
NRXP,Health Care
NRXPW,Health Care
NSEC,Finance
NSIT,Technology
NSPR,Health Care
NSPRZ,Health Care
NSSC,Miscellaneous
NSTG,Health Care
NSYS,Capital Goods
NTAP,Technology
NTCT,Technology
NTES,Miscellaneous
NTGR,Public Utilities
NTIC,Basic Industries
NTLA,Health Care
NTNX,Technology
NTRA,Health Care
NTRB,Health Care
NTRBW,Health Care
NTRS,Finance
NTRSO,Finance
NTUS,Health Care
NTWK,Technology
NUAN,Technology
NURO,Health Care
NUVA,Health Care
NUVL,Health Care
NUWE,Health Care
NUZE,Consumer Non-Durables
NVAX,Health Care
NVCN,
NVCR,Health Care
NVDA,Technology
NVEC,Technology
NVEE,Consumer Services
NVEI,
NVFY,Consumer Durables
NVIV,Health Care
NVMI,Capital Goods
NVNO,Health Care
NVNOW,Health Care
NVOS,Health Care
NVSA,Finance
NVSAU,Finance
NVSAW,Finance
NVTS,Technology
NVTSW,Technology
NVVE,Energy
NVVEW,Energy
NWBI,Finance
NWE,Public Utilities
NWFL,Finance
NWL,Consumer Non-Durables
NWLI,Finance
NWPX,Basic Industries
NWS,Consumer Services
NWSA,Consumer Services
NXGN,Health Care
NXPI,Technology
NXST,Consumer Services
NXTC,Health Care
NXTD,Consumer Services
NXTP,Technology
NYMT,Consumer Services
NYMTL,Consumer Services
NYMTM,Consumer Services
NYMTN,Consumer Services
NYMTP,Consumer Services
NYMX,Health Care
NYXH,
OAS,Energy
OB,Capital Goods
OBAS,Consumer Services
OBCI,
OBLG,Technology
OBNK,Finance
OBSV,Health Care
OBT,Finance
OCAX,
OCAXU,
OCAXW,
OCC,Basic Industries
OCCI,Finance
OCCIO,Finance
OCCIP,Finance
OCDX,Health Care
OCFC,Finance
OCFCP,Finance
OCG,Consumer Services
OCGN,Health Care
OCSL,Finance
OCUL,Health Care
OCUP,Health Care
OCX,Health Care
ODFL,Transportation
ODP,Miscellaneous
ODT,Health Care
OEG,
OEPW,
OEPWU,
OEPWW,
OESX,Consumer Durables
OFED,Finance
OFIX,Health Care
OFLX,Capital Goods
OFS,Finance
OFSSG,Finance
OFSSH,
OFSSI,Finance
OGI,
OHAAU,
OHPA,
OHPAU,
OHPAW,
OIIM,Technology
OKTA,Technology
OLB,Technology
OLED,Technology
OLK,Capital Goods
OLLI,Consumer Services
OLMA,Health Care
OLPX,Miscellaneous
OM,Health Care
OMAB,Transportation
OMCL,Health Care
OMEG,Finance
OMER,Health Care
OMEX,Consumer Services
OMGA,Health Care
OMIC,Health Care
OMP,Energy
OMQS,Technology
ON,Technology
ONB,Finance
ONCR,Consumer Durables
ONCS,Health Care
ONCT,Health Care
ONCY,
ONDS,Capital Goods
ONEM,Technology
ONEW,Basic Industries
ONTX,Health Care
ONVO,Health Care
OPBK,Finance
OPCH,Health Care
OPEN,Finance
OPGN,Health Care
OPHC,Finance
OPI,Consumer Services
OPINL,Consumer Services
OPK,Health Care
OPNT,Health Care
OPOF,Finance
OPRA,Technology
OPRT,Finance
OPRX,Health Care
OPT,Health Care
OPTN,Health Care
ORGN,Basic Industries
ORGNW,Basic Industries
ORGO,Health Care
ORGS,Health Care
ORIA,Finance
ORIAU,
ORIAW,Finance
ORIC,Health Care
ORLY,Consumer Services
ORMP,Health Care
ORPH,Health Care
ORRF,Finance
ORTX,Health Care
OSAT,Capital Goods
OSATW,Capital Goods
OSBC,Finance
OSIS,Capital Goods
OSMT,Health Care
OSPN,Technology
OSS,Technology
OSTK,Consumer Services
OSTR,
OSTRU,
OSTRW,
OSUR,Health Care
OSW,Consumer Services
OTEC,
OTECU,
OTECW,
OTEX,
OTIC,Health Care
OTLK,Health Care
OTLKW,Health Care
OTLY,
OTMO,
OTMOW,
OTRA,
OTRAW,
OTRK,Health Care
OTRKP,Health Care
OTTR,Public Utilities
OVBC,Finance
OVID,Health Care
OVLY,Finance
OXAC,
OXACU,
OXACW,
OXBR,Finance
OXBRW,Finance
OXLC,Finance
OXLCL,Finance
OXLCM,Finance
OXLCO,Finance
OXLCP,Finance
OXSQ,Finance
OXSQG,
OXSQL,
OXSQZ,Miscellaneous
OXUS,
OXUSU,
OXUSW,
OYST,Health Care
OZK,Finance
OZON,Consumer Services
PAA,Energy
PAAS,
PACB,Capital Goods
PACW,Finance
PACX,Finance
PACXU,Finance
PACXW,Finance
PAE,Miscellaneous
PAEWW,Miscellaneous
PAFO,
PAFOR,
PAFOU,
PAGP,Energy
PAHC,
PAIC,
PAICW,
PALI,Health Care
PALT,Technology
PANL,Transportation
PANW,Technology
PAQC,Finance
PAQCU,Finance
PAQCW,Finance
PASG,Health Care
PATI,Transportation
PATK,Consumer Services
PAVM,Health Care
PAVMW,Health Care
PAVMZ,Health Care
PAX,Finance
PAYA,Technology
PAYO,Technology
PAYOW,Technology
PAYS,Finance
PAYX,Miscellaneous
PBAXU,
PBBK,Finance
PBCT,Finance
PBCTP,Finance
PBFS,Finance
PBHC,Finance
PBIP,Finance
PBLA,Health Care
PBPB,Consumer Services
PBTS,Technology
PBYI,Health Care
PCAR,Capital Goods
PCB,Finance
PCCTU,
PCH,Consumer Services
PCOM,
PCRX,Health Care
PCSA,Health Care
PCSB,Finance
PCT,Public Utilities
PCTI,Technology
PCTTU,Public Utilities
PCTTW,Public Utilities
PCTY,Technology
PCVX,Health Care
PCXCU,
PCYG,Technology
PCYO,Public Utilities
PDCE,Energy
PDCO,Health Care
PDD,Miscellaneous
PDEX,Health Care
PDFS,Technology
PDLB,
PDSB,Health Care
PEBK,Finance
PEBO,Finance
PECO,Consumer Services
PEGA,Technology
PENN,Consumer Services
PEP,Consumer Non-Durables
PEPLU,
PERI,Technology
PESI,Public Utilities
PETQ,Health Care
PETS,Health Care
PETV,Health Care
PETVW,Health Care
PETZ,Consumer Non-Durables
PFBC,Finance
PFC,Finance
PFDR,Finance
PFDRU,Finance
PFDRW,Finance
PFG,Finance
PFHD,Finance
PFIE,Energy
PFIN,Capital Goods
PFIS,Finance
PFLT,Finance
PFMT,Miscellaneous
PFSW,Miscellaneous
PFTA,
PFTAU,
PFTAW,
PFX,Finance
PFXNL,Finance
PGC,Finance
PGEN,Health Care
PGNY,Health Care
PGRW,
PGRWU,
PGRWW,
PHAR,Health Care
PHAS,Health Care
PHAT,Health Care
PHCF,Finance
PHIC,Finance
PHICU,Finance
PHIO,Health Care
PHIOW,Health Care
PHUN,Technology
PHUNW,Technology
PHVS,Health Care
PI,Public Utilities
PINC,Health Care
PIRS,Health Care
PIXY,Technology
PKBK,Finance
PKOH,Capital Goods
PLAB,Technology
PLAY,Consumer Services
PLBC,Finance
PLBY,Consumer Non-Durables
PLCE,Consumer Services
PLIN,Consumer Non-Durables
PLL,Basic Industries
PLMI,Finance
PLMIU,Finance
PLMIW,Finance
PLMR,Finance
PLPC,Basic Industries
PLRX,Consumer Durables
PLSE,Health Care
PLTK,Technology
PLUG,Consumer Durables
PLUS,Technology
PLXP,Health Care
PLXS,Technology
PLYA,Consumer Services
PMCB,Health Care
PMD,Health Care
PME,
PMGMU,
PMGMW,
PMTS,Finance
PMVP,Consumer Durables
PNBK,Finance
PNFP,Finance
PNFPP,Finance
PNNT,Finance
PNNTG,Finance
PNRG,Energy
PNT,Consumer Durables
PNTG,Health Care
POAI,Health Care
PODD,Health Care
POLA,Capital Goods
PONO,
PONOU,
PONOW,
POOL,Consumer Non-Durables
POSH,Consumer Non-Durables
POW,Finance
POWI,Technology
POWL,Consumer Durables
POWRU,Finance
POWRW,Finance
POWW,Capital Goods
POWWP,Capital Goods
PPBI,Finance
PPBT,Health Care
PPC,Consumer Non-Durables
PPD,Health Care
PPGH,Finance
PPGHU,Finance
PPGHW,Finance
PPHP,
PPHPR,
PPHPU,
PPHPW,
PPIH,
PPSI,Consumer Durables
PPTA,
PRAA,Technology
PRAX,Health Care
PRCH,Technology
PRCT,Health Care
PRDO,Miscellaneous
PRFT,Technology
PRFX,Health Care
PRGS,Technology
PRIM,Basic Industries
PRLD,Consumer Durables
PROC,
PROCW,
PROF,
PROG,Consumer Durables
PROV,Finance
PRPH,Health Care
PRPL,Consumer Durables
PRPO,Capital Goods
PRQR,Health Care
PRSR,Finance
PRSRU,Finance
PRSRW,Finance
PRTA,Health Care
PRTC,Finance
PRTG,Health Care
PRTH,Technology
PRTK,Health Care
PRTS,Consumer Services
PRVA,Technology
PRVB,Health Care
PSAG,
PSAGU,
PSAGW,
PSEC,Finance
PSHG,Transportation
PSMT,Consumer Services
PSNL,Health Care
PSTI,Health Care
PSTV,Health Care
PSTX,Consumer Durables
PT,Technology
PTC,Technology
PTCT,Health Care
PTE,Consumer Durables
PTEN,Energy
PTGX,Health Care
PTIC,
PTICU,
PTICW,
PTIX,Health Care
PTIXW,Health Care
PTLO,Consumer Services
PTMN,Finance
PTNR,Public Utilities
PTOC,
PTOCU,
PTOCW,
PTON,Consumer Services
PTPI,Health Care
PTRA,Capital Goods
PTRS,Finance
PTSI,Transportation
PTVE,Consumer Durables
PUBM,Technology
PUCK,
PUCKU,
PUCKW,
PULM,Health Care
PUYI,Finance
PVBC,Finance
PWFL,Capital Goods
PWOD,Finance
PWP,Finance
PWPPW,Finance
PXLW,Technology
PXS,Transportation
PXSAP,Transportation
PXSAW,Transportation
PYCR,Technology
PYPD,Health Care
PYPL,Miscellaneous
PYR,
PYXS,Health Care
PZZA,Consumer Services
QADA,Technology
QADB,Technology
QCOM,Technology
QCRH,Finance
QDEL,Health Care
QFIN,Finance
QH,Miscellaneous
QIPT,Capital Goods
QIWI,Miscellaneous
QK,Finance
QLGN,Health Care
QLI,Health Care
QLYS,Technology
QMCO,Technology
QNST,Technology
QQQX,Finance
QRHC,Capital Goods
QRTEA,Consumer Services
QRTEB,Consumer Services
QRTEP,Consumer Services
QRVO,Capital Goods
QSI,Health Care
QSIAW,Health Care
QTNT,Health Care
QTRX,Health Care
QTT,Technology
QUBT,Technology
QUIK,Technology
QUMU,Technology
QURE,Health Care
RACB,
RADA,
RADI,Consumer Services
RAIL,Capital Goods
RAIN,Health Care
RAM,Finance
RAMMU,Finance
RAMMW,Finance
RAND,Finance
RANI,Consumer Durables
RAPT,Health Care
RARE,Health Care
RAVE,Consumer Services
RAVN,Capital Goods
RBB,Finance
RBBN,Technology
RBCAA,Finance
RBCN,Technology
RBKB,Finance
RBNC,Finance
RCAT,Technology
RCEL,Health Care
RCHG,
RCHGU,
RCHGW,
RCII,Technology
RCKT,Health Care
RCKY,Consumer Non-Durables
RCLF,
RCLFU,
RCLFW,
RCM,Consumer Services
RCMT,Consumer Services
RCON,Energy
RCRT,
RCRTW,
RDBX,
RDBXW,
RDCM,Technology
RDFN,Finance
RDHL,Health Care
RDI,Consumer Services
RDIB,Consumer Services
RDNT,Health Care
RDUS,Health Care
RDVT,Technology
RDWR,Technology
REAL,Consumer Services
REAX,
REDU,Miscellaneous
REE,
REEAW,
REED,Consumer Non-Durables
REFR,Capital Goods
REG,Consumer Services
REGI,Basic Industries
REGN,Health Care
REKR,Technology
RELI,Finance
RELIW,Finance
RELL,Technology
RELY,Technology
RENT,Consumer Non-Durables
REPH,Health Care
REPL,Health Care
RESN,Technology
RETA,Health Care
RETO,Capital Goods
REVE,
REVEU,
REVEW,
REVH,
REVHU,
REVHW,
REYN,Capital Goods
RFIL,Capital Goods
RGC,
RGCO,Public Utilities
RGEN,Health Care
RGLD,
RGLS,Health Care
RGNX,Health Care
RGP,Miscellaneous
RIBT,Consumer Non-Durables
RICK,Consumer Services
RICO,
RICOW,
RIDE,Capital Goods
RIGL,Health Care
RILY,Finance
RILYK,Miscellaneous
RILYL,Finance
RILYM,Miscellaneous
RILYN,Miscellaneous
RILYO,Miscellaneous
RILYP,Finance
RILYT,Miscellaneous
RILYZ,Miscellaneous
RIOT,Technology
RIVE,Finance
RKDA,Basic Industries
RKLB,Capital Goods
RKLBW,Capital Goods
RLAY,Health Care
RLMD,Health Care
RLYB,Health Care
RMBI,
RMBL,Capital Goods
RMBS,Technology
RMCF,Consumer Non-Durables
RMGC,Finance
RMGCU,Finance
RMGCW,Finance
RMNI,Technology
RMR,Finance
RMTI,Health Care
RNA,Health Care
RNAZ,Health Care
RNDB,Finance
RNERU,
RNLX,Health Care
RNST,Finance
RNW,
RNWK,Technology
RNWWW,
RNXT,Health Care
ROAD,Capital Goods
ROCC,Energy
ROCG,
ROCGU,
ROCGW,
ROCK,
ROCR,
ROCRU,
ROCRW,
ROIC,Consumer Services
ROIV,
ROIVW,
ROKU,Consumer Services
ROLL,Capital Goods
ROLLP,Capital Goods
ROOT,Finance
ROSEU,
ROST,Consumer Services
ROVR,Miscellaneous
ROVRW,Miscellaneous
RPAY,Technology
RPD,Technology
RPHM,Health Care
RPID,Health Care
RPRX,Health Care
RPTX,
RRBI,Finance
RRGB,Consumer Services
RRR,Consumer Services
RSLS,Health Care
RSSS,Technology
RSVR,Consumer Services
RSVRW,Consumer Services
RTLR,Energy
RTPY,Technology
RTPYU,Finance
RTPYW,Finance
RUBY,Health Care
RUN,Capital Goods
RUSHA,Consumer Services
RUSHB,Consumer Services
RUTH,Consumer Services
RVAC,
RVACU,
RVACW,
RVMD,Consumer Durables
RVNC,Health Care
RVPH,Health Care
RVPHW,Health Care
RVSB,Finance
RWAY,
RWLK,Health Care
RXDX,Health Care
RXRA,
RXRAU,
RXRAW,
RXRX,Health Care
RXST,Health Care
RXT,Technology
RYAAY,Transportation
RYTM,Health Care
RZLT,Health Care
SABR,Technology
SABRP,Technology
SABS,
SABSW,
SAFM,
SAFT,Finance
SAGE,Health Care
SAIA,Transportation
SAL,Finance
SALM,Consumer Services
SAMAU,
SAMG,Finance
SANA,Consumer Durables
SANBU,
SANM,Technology
SANW,
SASR,Finance
SATS,Technology
SAVA,Health Care
SBAC,Consumer Services
SBCF,Finance
SBEA,
SBEAU,
SBEAW,
SBET,Public Utilities
SBFG,Finance
SBGI,Consumer Services
SBLK,Transportation
SBNY,Finance
SBNYP,Finance
SBRA,Consumer Services
SBSI,Finance
SBT,Finance
SBTX,Consumer Durables
SBUX,
SCAQ,
SCAQU,
SCAQW,
SCHL,Consumer Services
SCHN,Basic Industries
SCKT,Technology
SCLE,
SCLEU,
SCLEW,
SCMAU,
SCOA,Finance
SCOAU,Finance
SCOAW,Finance
SCOB,Finance
SCOBU,Finance
SCOBW,Finance
SCOR,Miscellaneous
SCPH,Health Care
SCPL,Technology
SCPS,Health Care
SCSC,Technology
SCVL,Consumer Services
SCWX,Technology
SCYX,Health Care
SDAC,
SDACU,
SDACW,
SDC,Health Care
SDGR,Technology
SDH,Miscellaneous
SDIG,Finance
SEAC,Technology
SEAT,Capital Goods
SEATW,Capital Goods
SECO,Miscellaneous
SEDG,Technology
SEED,
SEEL,Health Care
SEER,Consumer Durables
SEIC,Finance
SELB,Health Care
SELF,Consumer Services
SENEA,Consumer Non-Durables
SENEB,Consumer Non-Durables
SERA,Health Care
SESN,Health Care
SEVN,Consumer Services
SFBC,Finance
SFET,Technology
SFIX,Consumer Services
SFM,Consumer Non-Durables
SFNC,Finance
SFST,Finance
SFT,Miscellaneous
SGA,Consumer Services
SGBX,Basic Industries
SGC,
SGEN,Health Care
SGH,Technology
SGHT,Health Care
SGLB,Technology
SGLBW,Technology
SGMA,Technology
SGML,Capital Goods
SGMO,Health Care
SGMS,Consumer Services
SGOC,Consumer Non-Durables
SGRP,Miscellaneous
SGRY,Health Care
SGTX,Consumer Durables
SHAC,
SHACU,
SHACW,
SHBI,Finance
SHC,Health Care
SHCR,Technology
SHCRW,Technology
SHEN,Public Utilities
SHIP,Transportation
SHIPW,
SHIPZ,Transportation
SHLS,Technology
SHOO,Consumer Non-Durables
SHQA,
SHQAU,
SHQAW,
SHYF,Capital Goods
SIBN,Health Care
SIEB,Finance
SIEN,Health Care
SIERU,
SIFY,Consumer Services
SIGA,Health Care
SIGI,Finance
SIGIP,Finance
SILC,Technology
SILK,Health Care
SIMO,Technology
SINO,Transportation
SINT,Health Care
SIOX,Health Care
SIRI,Consumer Services
SISI,Consumer Durables
SITM,Technology
SIVB,Finance
SIVBP,Finance
SJ,Technology
SKIN,Consumer Non-Durables
SKINW,Consumer Non-Durables
SKYA,Finance
SKYAU,Finance
SKYAW,Finance
SKYT,Technology
SKYW,Transportation
SLAB,Technology
SLAM,Finance
SLAMU,Finance
SLAMW,Finance
SLCR,Finance
SLCRU,Finance
SLCRW,Finance
SLDB,Health Care
SLGC,Health Care
SLGCW,Health Care
SLGG,Consumer Services
SLGL,Basic Industries
SLGN,Consumer Durables
SLHG,Miscellaneous
SLM,Finance
SLMBP,Finance
SLN,Health Care
SLNG,Public Utilities
SLNO,Health Care
SLP,Technology
SLRC,Finance
SLRX,Health Care
SLS,Health Care
SLVRU,
SMAPU,
SMBC,Finance
SMBK,Finance
SMCI,Technology
SMED,Public Utilities
SMFR,Technology
SMFRW,Technology
SMID,Capital Goods
SMIH,
SMIHW,
SMIT,Capital Goods
SMLR,Health Care
SMMF,Finance
SMMT,Consumer Durables
SMPL,Consumer Non-Durables
SMSI,Technology
SMTC,Technology
SMTI,Health Care
SNAX,Consumer Non-Durables
SNAXW,Consumer Non-Durables
SNBR,Consumer Durables
SNCE,Technology
SNCR,Technology
SNCRL,
SNCY,Transportation
SND,Energy
SNDL,
SNDX,Health Care
SNES,Basic Industries
SNEX,Finance
SNFCA,Finance
SNGX,Health Care
SNGXW,Health Care
SNOA,Health Care
SNPO,Consumer Services
SNPS,Technology
SNPX,Consumer Durables
SNRH,
SNRHU,
SNRHW,
SNSE,Health Care
SNT,Capital Goods
SNTG,
SNY,Health Care
SOFI,Finance
SOFIW,Finance
SOHO,Consumer Services
SOHOB,Consumer Services
SOHON,Consumer Services
SOHOO,Consumer Services
SOHU,Technology
SOLO,Capital Goods
SOLOW,Capital Goods
SOLY,Health Care
SONM,Capital Goods
SONN,Health Care
SONO,Consumer Services
SOPH,
SOTK,Capital Goods
SOVO,Consumer Non-Durables
SP,Miscellaneous
SPCB,Technology
SPFI,Finance
SPI,Technology
SPK,
SPKAU,
SPKB,Finance
SPKBU,Finance
SPKBW,Finance
SPLK,Technology
SPNE,Health Care
SPNS,Technology
SPOK,Public Utilities
SPPI,Health Care
SPRB,Consumer Durables
SPRO,Health Care
SPSC,Technology
SPT,Technology
SPTK,
SPTKU,
SPTKW,
SPTN,Consumer Non-Durables
SPWH,Consumer Services
SPWR,Technology
SQFT,Consumer Services
SQFTP,Consumer Services
SQL,Health Care
SQLLW,Health Care
SRAD,
SRAX,Technology
SRCE,Finance
SRCL,Public Utilities
SRDX,Health Care
SREV,Technology
SRGA,Health Care
SRNE,Health Care
SRPT,Health Care
SRRA,Health Care
SRRK,Health Care
SRSA,Finance
SRSAU,Finance
SRSAW,Finance
SRTS,Health Care
SRZN,Consumer Durables
SRZNW,Consumer Durables
SSAA,
SSAAU,
SSAAW,
SSB,Finance
SSBI,Finance
SSBK,Finance
SSKN,Health Care
SSNC,Technology
SSNT,Technology
SSP,Consumer Services
SSRM,
SSSS,Finance
SSTI,Technology
SSYS,Technology
STAA,Health Care
STAB,Health Care
STAF,Technology
STBA,Finance
STCN,
STEP,Finance
STER,Technology
STFC,Finance
STGW,Technology
STIM,Health Care
STKL,
STKS,Consumer Services
STLD,Basic Industries
STNE,Technology
STOK,Health Care
STRA,Miscellaneous
STRC,Capital Goods
STRCW,Capital Goods
STRL,Capital Goods
STRM,Technology
STRO,Health Care
STRR,Health Care
STRRP,Health Care
STRS,Consumer Services
STRT,Capital Goods
STSA,Health Care
STTK,Health Care
STX,Technology
STXB,Finance
SUMO,Technology
SUMR,Capital Goods
SUNS,Finance
SUNW,Technology
SUPN,Health Care
SURF,Health Care
SV,
SVBI,Finance
SVC,Consumer Services
SVFA,Finance
SVFAU,Finance
SVFAW,Finance
SVFB,Finance
SVFC,Finance
SVFD,
SVOK,
SVOKU,
SVOKW,
SVRA,Health Care
SVSVU,
SVSVW,Finance
SVVC,Finance
SWAG,
SWAGU,
SWAGW,
SWAV,Health Care
SWBI,Consumer Non-Durables
SWET,
SWETU,
SWETW,
SWIM,Capital Goods
SWIR,Basic Industries
SWKH,Finance
SWKS,Technology
SWSS,
SWSSU,
SWSSW,
SWTX,Health Care
SXTC,Health Care
SY,Technology
SYBT,Finance
SYBX,Health Care
SYNA,Technology
SYNH,Health Care
SYNL,Basic Industries
SYPR,Capital Goods
SYRS,Health Care
SYTA,Basic Industries
SYTAW,Basic Industries
TA,Consumer Services
TACO,Consumer Services
TACT,Technology
TAIT,Technology
TALK,Health Care
TALKW,Health Care
TALS,Health Care
TANH,Basic Industries
TANNI,Consumer Services
TANNL,Consumer Services
TANNZ,Consumer Services
TAOP,Technology
TARA,Health Care
TARS,Consumer Durables
TASK,Technology
TAST,Consumer Services
TATT,Capital Goods
TAYD,Capital Goods
TBBK,Finance
TBCP,
TBCPU,
TBCPW,
TBK,Finance
TBKCP,Finance
TBLA,Finance
TBLAW,Finance
TBLD,
TBLT,Capital Goods
TBLTW,Capital Goods
TBNK,Finance
TBPH,Health Care
TBSA,Finance
TBSAU,Finance
TBSAW,Finance
TC,Miscellaneous
TCAC,Finance
TCACU,Finance
TCACW,Finance
TCBC,Finance
TCBI,Finance
TCBIO,Finance
TCBK,Finance
TCBS,Finance
TCDA,Health Care
TCFC,Finance
TCMD,Health Care
TCOM,Miscellaneous
TCON,Health Care
TCPC,Finance
TCRR,Health Care
TCRX,Health Care
TCVA,Finance
TCX,Technology
TDAC,
TDACU,
TDACW,
TDUP,Consumer Non-Durables
TEAM,Technology
TECH,Health Care
TECTP,Finance
TEDU,Miscellaneous
TEKK,Finance
TEKKU,Finance
TEKKW,Finance
TELA,Health Care
TELL,Energy
TENB,Technology
TENX,Health Care
TER,Capital Goods
TERN,Health Care
TESS,Capital Goods
TETC,
TETCU,
TETCW,
TFFP,Consumer Durables
TFSL,Finance
TGA,
TGLS,Capital Goods
TGTX,Health Care
TH,Energy
THACU,
THCA,
THCAW,
THCP,
THCPU,
THCPW,
THFF,Finance
THMA,
THMAU,Health Care
THMAW,
THMO,Capital Goods
THRM,Capital Goods
THRN,Consumer Non-Durables
THRX,Health Care
THRY,Capital Goods
THTX,
THWWW,Energy
TIG,
TIGO,Public Utilities
TIGR,Finance
TIL,Health Care
TILE,
TIOA,Finance
TIOAU,Finance
TIOAW,Finance
TIPT,Finance
TIRX,Finance
TITN,
TKNO,Consumer Durables
TLIS,Health Care
TLMD,Health Care
TLMDW,Health Care
TLRY,Health Care
TLS,Technology
TLSA,Health Care
TMC,
TMCI,Health Care
TMCWW,
TMDI,
TMDX,Health Care
TMKR,
TMKRU,
TMKRW,
TMPM,Finance
TMTS,
TMTSU,
TMTSW,
TMUS,Public Utilities
TNDM,Health Care
TNGX,Health Care
TNXP,Health Care
TNYA,Consumer Durables
TOMZ,
TOPS,Transportation
TOUR,
TOWN,Finance
TPBAU,
TPIC,Technology
TPST,Health Care
TPTX,Health Care
TREE,Finance
TRHC,Health Care
TRIB,Health Care
TRIL,
TRIN,Finance
TRIP,
TRIT,Technology
TRITW,Technology
TRKA,Technology
TRKAW,Technology
TRMB,Capital Goods
TRMD,Consumer Services
TRMK,Finance
TRMR,
TRNS,Technology
TRON,Finance
TRONU,
TROW,Finance
TRS,Technology
TRST,Finance
TRUP,Health Care
TRVG,Technology
TRVI,Health Care
TRVN,Health Care
TSBK,Finance
TSC,Finance
TSCAP,Finance
TSCBP,Finance
TSCO,Consumer Services
TSEM,Technology
TSHA,Health Care
TSIB,
TSIBU,
TSIBW,
TSLA,Capital Goods
TSP,Capital Goods
TSRI,Technology
TTCF,Consumer Non-Durables
TTD,Technology
TTEC,Technology
TTEK,Consumer Services
TTGT,
TTMI,Technology
TTNP,Health Care
TTOO,Health Care
TTSH,Consumer Services
TTWO,Technology
TUEM,Miscellaneous
TUGC,Finance
TUGCU,Finance
TUGCW,Finance
TURN,Finance
TUSK,Energy
TVAC,
TVACU,
TVACW,
TVTX,Health Care
TVTY,Health Care
TW,Finance
TWCB,
TWCBU,
TWCBW,
TWIN,Capital Goods
TWKS,Technology
TWLV,
TWLVU,
TWLVW,
TWNK,Consumer Non-Durables
TWNKW,Consumer Non-Durables
TWOU,Miscellaneous
TWST,Health Care
TXG,Health Care
TXMD,Health Care
TXN,Technology
TXRH,Consumer Services
TYME,Health Care
TYRA,Health Care
TZOO,Technology
TZPS,Finance
TZPSU,Finance
TZPSW,Finance
UAL,Transportation
UBCP,Finance
UBFO,Finance
UBOH,Finance
UBSI,Finance
UBX,Consumer Durables
UCBI,Finance
UCBIO,Finance
UCL,Consumer Services
UCTT,Technology
UEIC,Consumer Non-Durables
UEPS,Technology
UFCS,Finance
UFPI,Basic Industries
UFPT,Capital Goods
UG,Consumer Non-Durables
UGRO,Capital Goods
UHAL,Miscellaneous
UIHC,Finance
UK,Miscellaneous
UKOMW,Miscellaneous
ULBI,Technology
ULCC,Transportation
ULH,Transportation
ULTA,
UMBF,Finance
UMPQ,Finance
UNAM,Finance
UNB,Finance
UNCY,Health Care
UNIT,Consumer Services
UNTY,Finance
UONE,Consumer Services
UONEK,Consumer Services
UPC,Health Care
UPLD,Technology
UPST,Finance
UPTD,
UPTDU,
UPTDW,
UPWK,
URBN,Consumer Services
URGN,Health Care
UROY,
USAK,Transportation
USAP,Basic Industries
USAU,Basic Industries
USCB,Finance
USCTU,
USEG,Energy
USIO,Technology
USLM,Energy
USWS,Energy
USWSW,Energy
UTHR,Health Care
UTMD,Health Care
UTME,Energy
UTRS,Technology
UTSI,Capital Goods
UVSP,Finance
UXIN,Miscellaneous
VABK,Finance
VACC,
VALN,
VALU,Technology
VAQC,Finance
VBFC,Finance
VBIV,
VBLT,Health Care
VBNK,
VBTX,Finance
VC,Capital Goods
VCEL,Health Care
VCKA,Finance
VCKAU,Finance
VCKAW,Finance
VCNX,Health Care
VCTR,Finance
VCXA,
VCXAU,
VCXAW,
VCYT,Health Care
VECO,Technology
VECT,Health Care
VEEE,Consumer Services
VELO,
VELOU,
VELOW,
VENA,Technology
VENAR,Technology
VENAU,Technology
VENAW,Finance
VEON,Public Utilities
VERA,Health Care
VERB,Technology
VERBW,Technology
VERI,Technology
VERO,Health Care
VERU,Health Care
VERV,Consumer Durables
VERX,Technology
VERY,Finance
VEV,Capital Goods
VFF,
VG,Public Utilities
VGFC,Basic Industries
VIA,Public Utilities
VIAC,Consumer Services
VIACA,Consumer Services
VIACP,Consumer Services
VIASP,Public Utilities
VIAV,Technology
VICR,Capital Goods
VIEW,
VIEWW,
VII,
VIIAU,
VIIAW,
VINC,Health Care
VINO,Finance
VINP,Finance
VIOT,Consumer Durables
VIR,Health Care
VIRC,Consumer Durables
VIRI,Health Care
VIRT,Finance
VIRX,Health Care
VISL,Capital Goods
VITL,
VIVE,Health Care
VIVO,Health Care
VJET,Capital Goods
VKTX,Health Care
VLAT,Finance
VLATU,Finance
VLATW,Finance
VLCN,
VLDR,Capital Goods
VLDRW,Capital Goods
VLGEA,Consumer Services
VLON,Consumer Durables
VLY,Finance
VLYPO,Finance
VLYPP,Finance
VMAC,
VMACW,
VMAR,
VMD,
VMEO,Technology
VNDA,Health Care
VNET,Technology
VNOM,Energy
VOD,Public Utilities
VOR,Health Care
VOSO,
VOSOU,
VOSOW,
VOXX,Consumer Non-Durables
VPCB,Finance
VPCBU,Finance
VPCBW,Finance
VQS,
VRA,Consumer Non-Durables
VRAR,Technology
VRAY,Health Care
VRCA,Health Care
VRDN,Health Care
VREX,Health Care
VRM,Consumer Services
VRME,Miscellaneous
VRMEW,Miscellaneous
VRNA,Health Care
VRNS,Technology
VRNT,Technology
VRPX,Consumer Durables
VRRM,
VRSK,Miscellaneous
VRSN,Technology
VRTS,Finance
VRTX,Health Care
VS,
VSAT,Technology
VSEC,
VSTA,Consumer Services
VSTM,Health Care
VTAQ,
VTAQR,Finance
VTAQW,
VTGN,Health Care
VTIQ,
VTIQU,
VTIQW,
VTNR,Energy
VTRS,Consumer Durables
VTRU,Consumer Services
VTSI,Capital Goods
VTVT,Health Care
VTYX,Consumer Durables
VUZI,Capital Goods
VVOS,Health Care
VVPR,
VWE,Consumer Non-Durables
VWTR,Public Utilities
VXRT,Health Care
VYGR,Health Care
VYNE,Health Care
VYNT,Health Care
WABC,Finance
WAFD,Finance
WAFDP,Finance
WAFU,Consumer Services
WALD,Finance
WALDU,Finance
WALDW,Finance
WASH,Finance
WATT,Capital Goods
WAVE,
WB,Technology
WBA,Health Care
WDAY,Technology
WDC,Technology
WDFC,Basic Industries
WEN,Consumer Services
WERN,Transportation
WETF,Finance
WEYS,Consumer Non-Durables
WFCF,Technology
WFRD,Energy
WHF,Finance
WHFBZ,Finance
WHLM,Miscellaneous
WHLR,Consumer Services
WHLRD,Consumer Services
WHLRL,
WHLRP,Consumer Services
WILC,Consumer Non-Durables
WIMI,Technology
WINA,Miscellaneous
WING,Consumer Services
WINT,Health Care
WINV,
WINVR,
WINVU,
WINVW,
WIRE,Basic Industries
WISA,Technology
WISH,Capital Goods
WIX,Technology
WKEY,Technology
WKHS,Capital Goods
WKME,
WKSP,Capital Goods
WKSPW,Capital Goods
WLDN,Consumer Services
WLFC,Capital Goods
WLTW,Finance
WMG,Consumer Services
WMPN,Finance
WNEB,Finance
WNW,Consumer Services
WOOF,Miscellaneous
WORX,Health Care
WPRT,Capital Goods
WRAP,Capital Goods
WRLD,Finance
WSBC,Finance
WSBCP,Finance
WSBF,Finance
WSC,Technology
WSFS,Finance
WSTG,Technology
WTBA,Finance
WTER,Consumer Non-Durables
WTFC,Finance
WTFCM,Finance
WTFCP,Finance
WTRH,Technology
WVE,Health Care
WVFC,Finance
WVVI,Consumer Non-Durables
WVVIP,Consumer Non-Durables
WW,Miscellaneous
WWACU,
WWD,Capital Goods
WYNN,Consumer Services
XAIR,
XBIO,Health Care
XBIOW,Health Care
XBIT,
XCUR,Health Care
XEL,Public Utilities
XELA,Technology
XELB,Basic Industries
XENE,
XENT,Health Care
XERS,Health Care
XFINU,
XFOR,Health Care
XGN,Health Care
XLNX,Technology
XLO,
XLRN,Health Care
XM,Technology
XMTR,Technology
XNCR,Health Care
XNET,Technology
XOG,Energy
XOMA,Health Care
XOMAO,Health Care
XOMAP,Health Care
XONE,Capital Goods
XOS,Capital Goods
XOSWW,Capital Goods
XP,Finance
XPAX,
XPAXU,
XPAXW,
XPDI,
XPDIU,
XPDIW,
XPEL,Capital Goods
XPER,Technology
XRAY,Health Care
XRTX,
XRX,Technology
XSPA,Miscellaneous
XTLB,Health Care
XXII,
YELL,Transportation
YGMZ,Consumer Services
YI,Health Care
YJ,Consumer Services
YMAB,Health Care
YMTX,Health Care
YNDX,Technology
YORW,Public Utilities
YQ,Consumer Services
YSAC,
YSACU,
YSACW,
YTEN,
YTRA,
YVR,
YY,Technology
Z,Miscellaneous
ZBRA,Technology
ZCMD,Consumer Services
ZD,Technology
ZEAL,Health Care
ZENV,
ZEST,Energy
ZEUS,Basic Industries
ZG,Miscellaneous
ZGNX,Health Care
ZGYH,Finance
ZGYHR,Finance
ZGYHU,Finance
ZGYHW,Finance
ZI,Technology
ZION,Finance
ZIONL,Finance
ZIONO,Finance
ZIONP,Finance
ZIOP,Health Care
ZIVO,Health Care
ZIVOW,Health Care
ZIXI,Technology
ZKIN,Capital Goods
ZLAB,Health Care
ZM,Technology
ZNGA,Technology
ZNTE,
ZNTEU,
ZNTEW,
ZNTL,Consumer Durables
ZS,Technology
ZSAN,Health Care
ZT,
ZTAQU,
ZTAQW,
ZUMZ,
ZVO,Miscellaneous
ZWRK,
ZWRKU,
ZWRKW,
ZY,Basic Industries
ZYNE,Health Care
ZYXI,Health Care
TRUE,
0,